date	births
01.01.1977	208
02.01.1977	241
03.01.1977	274
04.01.1977	256
05.01.1977	294
06.01.1977	281
07.01.1977	251
08.01.1977	230
09.01.1977	240
10.01.1977	249
11.01.1977	272
12.01.1977	270
13.01.1977	281
14.01.1977	295
15.01.1977	213
16.01.1977	205
17.01.1977	263
18.01.1977	270
19.01.1977	266
20.01.1977	312
21.01.1977	294
22.01.1977	243
23.01.1977	187
24.01.1977	284
25.01.1977	274
26.01.1977	311
27.01.1977	270
28.01.1977	264
29.01.1977	220
30.01.1977	219
31.01.1977	263
01.02.1977	271
02.02.1977	305
03.02.1977	283
04.02.1977	269
05.02.1977	229
06.02.1977	222
07.02.1977	281
08.02.1977	277
09.02.1977	265
10.02.1977	282
11.02.1977	271
12.02.1977	242
13.02.1977	212
14.02.1977	268
15.02.1977	279
16.02.1977	272
17.02.1977	252
18.02.1977	294
19.02.1977	235
20.02.1977	202
21.02.1977	268
22.02.1977	295
23.02.1977	314
24.02.1977	279
25.02.1977	314
26.02.1977	239
27.02.1977	236
28.02.1977	290
01.03.1977	307
02.03.1977	303
03.03.1977	300
04.03.1977	275
05.03.1977	253
06.03.1977	204
07.03.1977	294
08.03.1977	305
09.03.1977	318
10.03.1977	281
11.03.1977	295
12.03.1977	251
13.03.1977	226
14.03.1977	286
15.03.1977	309
16.03.1977	319
17.03.1977	311
18.03.1977	294
19.03.1977	266
20.03.1977	221
21.03.1977	294
22.03.1977	301
23.03.1977	288
24.03.1977	301
25.03.1977	289
26.03.1977	258
27.03.1977	217
28.03.1977	237
29.03.1977	311
30.03.1977	260
31.03.1977	308
01.04.1977	316
02.04.1977	258
03.04.1977	229
04.04.1977	290
05.04.1977	326
06.04.1977	313
07.04.1977	302
08.04.1977	270
09.04.1977	249
10.04.1977	194
11.04.1977	253
12.04.1977	314
13.04.1977	298
14.04.1977	343
15.04.1977	319
16.04.1977	244
17.04.1977	235
18.04.1977	288
19.04.1977	347
20.04.1977	285
21.04.1977	300
22.04.1977	285
23.04.1977	231
24.04.1977	240
25.04.1977	333
26.04.1977	284
27.04.1977	304
28.04.1977	324
29.04.1977	255
30.04.1977	248
01.05.1977	261
02.05.1977	311
03.05.1977	299
04.05.1977	304
05.05.1977	319
06.05.1977	321
07.05.1977	245
08.05.1977	188
09.05.1977	302
10.05.1977	316
11.05.1977	316
12.05.1977	311
13.05.1977	280
14.05.1977	199
15.05.1977	225
16.05.1977	320
17.05.1977	294
18.05.1977	328
19.05.1977	279
20.05.1977	309
21.05.1977	255
22.05.1977	230
23.05.1977	264
24.05.1977	292
25.05.1977	322
26.05.1977	302
27.05.1977	312
28.05.1977	211
29.05.1977	222
30.05.1977	293
31.05.1977	253
01.06.1977	307
02.06.1977	271
03.06.1977	314
04.06.1977	217
05.06.1977	227
06.06.1977	293
07.06.1977	293
08.06.1977	281
09.06.1977	285
10.06.1977	286
11.06.1977	226
12.06.1977	233
13.06.1977	279
14.06.1977	305
15.06.1977	269
16.06.1977	276
17.06.1977	298
18.06.1977	205
19.06.1977	217
20.06.1977	264
21.06.1977	295
22.06.1977	346
23.06.1977	333
24.06.1977	219
25.06.1977	231
26.06.1977	200
27.06.1977	265
28.06.1977	294
29.06.1977	307
30.06.1977	327
01.07.1977	298
02.07.1977	239
03.07.1977	212
04.07.1977	263
05.07.1977	292
06.07.1977	266
07.07.1977	298
08.07.1977	288
09.07.1977	237
10.07.1977	239
11.07.1977	260
12.07.1977	285
13.07.1977	279
14.07.1977	297
15.07.1977	306
16.07.1977	220
17.07.1977	219
18.07.1977	256
19.07.1977	304
20.07.1977	303
21.07.1977	250
22.07.1977	280
23.07.1977	219
24.07.1977	209
25.07.1977	269
26.07.1977	277
27.07.1977	308
28.07.1977	274
29.07.1977	291
30.07.1977	270
31.07.1977	227
01.08.1977	252
02.08.1977	286
03.08.1977	296
04.08.1977	303
05.08.1977	279
06.08.1977	224
07.08.1977	205
08.08.1977	256
09.08.1977	319
10.08.1977	302
11.08.1977	281
12.08.1977	272
13.08.1977	244
14.08.1977	212
15.08.1977	278
16.08.1977	297
17.08.1977	266
18.08.1977	300
19.08.1977	290
20.08.1977	220
21.08.1977	233
22.08.1977	226
23.08.1977	268
24.08.1977	272
25.08.1977	251
26.08.1977	293
27.08.1977	210
28.08.1977	242
29.08.1977	267
30.08.1977	289
31.08.1977	293
01.09.1977	318
02.09.1977	270
03.09.1977	204
04.09.1977	219
05.09.1977	213
06.09.1977	256
07.09.1977	283
08.09.1977	265
09.09.1977	291
10.09.1977	205
11.09.1977	241
12.09.1977	263
13.09.1977	277
14.09.1977	273
15.09.1977	293
16.09.1977	292
17.09.1977	240
18.09.1977	207
19.09.1977	286
20.09.1977	325
21.09.1977	316
22.09.1977	292
23.09.1977	306
24.09.1977	246
25.09.1977	202
26.09.1977	313
27.09.1977	321
28.09.1977	333
29.09.1977	319
30.09.1977	336
01.10.1977	252
02.10.1977	208
03.10.1977	259
04.10.1977	293
05.10.1977	271
06.10.1977	305
07.10.1977	297
08.10.1977	223
09.10.1977	224
10.10.1977	274
11.10.1977	280
12.10.1977	312
13.10.1977	292
14.10.1977	300
15.10.1977	263
16.10.1977	227
17.10.1977	269
18.10.1977	292
19.10.1977	286
20.10.1977	313
21.10.1977	267
22.10.1977	231
23.10.1977	196
24.10.1977	259
25.10.1977	309
26.10.1977	332
27.10.1977	267
28.10.1977	256
29.10.1977	246
30.10.1977	202
31.10.1977	252
01.11.1977	306
02.11.1977	291
03.11.1977	239
04.11.1977	275
05.11.1977	202
06.11.1977	193
07.11.1977	276
08.11.1977	279
09.11.1977	257
10.11.1977	241
11.11.1977	265
12.11.1977	243
13.11.1977	192
14.11.1977	224
15.11.1977	264
16.11.1977	284
17.11.1977	274
18.11.1977	286
19.11.1977	220
20.11.1977	227
21.11.1977	250
22.11.1977	281
23.11.1977	267
24.11.1977	236
25.11.1977	282
26.11.1977	226
27.11.1977	207
28.11.1977	289
29.11.1977	269
30.11.1977	294
01.12.1977	258
02.12.1977	296
03.12.1977	219
04.12.1977	227
05.12.1977	227
06.12.1977	257
07.12.1977	259
08.12.1977	255
09.12.1977	219
10.12.1977	200
11.12.1977	193
12.12.1977	231
13.12.1977	258
14.12.1977	243
15.12.1977	265
16.12.1977	256
17.12.1977	195
18.12.1977	184
19.12.1977	236
20.12.1977	300
21.12.1977	264
22.12.1977	300
23.12.1977	207
24.12.1977	175
25.12.1977	142
26.12.1977	181
27.12.1977	223
28.12.1977	268
29.12.1977	241
30.12.1977	234
31.12.1977	173
01.01.1978	188
02.01.1978	221
03.01.1978	216
04.01.1978	277
05.01.1978	261
06.01.1978	270
07.01.1978	191
08.01.1978	191
09.01.1978	247
10.01.1978	289
11.01.1978	273
12.01.1978	279
13.01.1978	256
14.01.1978	222
15.01.1978	204
16.01.1978	227
17.01.1978	289
18.01.1978	267
19.01.1978	261
20.01.1978	261
21.01.1978	247
22.01.1978	214
23.01.1978	250
24.01.1978	276
25.01.1978	275
26.01.1978	270
27.01.1978	267
28.01.1978	218
29.01.1978	193
30.01.1978	243
31.01.1978	285
01.02.1978	244
02.02.1978	289
03.02.1978	274
04.02.1978	235
05.02.1978	209
06.02.1978	281
07.02.1978	313
08.02.1978	282
09.02.1978	285
10.02.1978	298
11.02.1978	259
12.02.1978	184
13.02.1978	266
14.02.1978	312
15.02.1978	285
16.02.1978	288
17.02.1978	286
18.02.1978	218
19.02.1978	227
20.02.1978	290
21.02.1978	292
22.02.1978	288
23.02.1978	276
24.02.1978	300
25.02.1978	208
26.02.1978	206
27.02.1978	276
28.02.1978	325
01.03.1978	288
02.03.1978	264
03.03.1978	326
04.03.1978	240
05.03.1978	207
06.03.1978	265
07.03.1978	292
08.03.1978	308
09.03.1978	282
10.03.1978	288
11.03.1978	218
12.03.1978	201
13.03.1978	250
14.03.1978	301
15.03.1978	314
16.03.1978	315
17.03.1978	312
18.03.1978	255
19.03.1978	220
20.03.1978	281
21.03.1978	303
22.03.1978	333
23.03.1978	319
24.03.1978	265
25.03.1978	201
26.03.1978	207
27.03.1978	265
28.03.1978	317
29.03.1978	287
30.03.1978	318
31.03.1978	291
01.04.1978	268
02.04.1978	217
03.04.1978	272
04.04.1978	275
05.04.1978	335
06.04.1978	303
07.04.1978	305
08.04.1978	257
09.04.1978	247
10.04.1978	310
11.04.1978	314
12.04.1978	271
13.04.1978	323
14.04.1978	266
15.04.1978	240
16.04.1978	189
17.04.1978	279
18.04.1978	299
19.04.1978	315
20.04.1978	321
21.04.1978	321
22.04.1978	262
23.04.1978	228
24.04.1978	279
25.04.1978	269
26.04.1978	297
27.04.1978	305
28.04.1978	301
29.04.1978	243
30.04.1978	211
01.05.1978	292
02.05.1978	303
03.05.1978	300
04.05.1978	279
05.05.1978	296
06.05.1978	239
07.05.1978	217
08.05.1978	292
09.05.1978	309
10.05.1978	303
11.05.1978	269
12.05.1978	317
13.05.1978	245
14.05.1978	260
15.05.1978	312
16.05.1978	285
17.05.1978	306
18.05.1978	344
19.05.1978	324
20.05.1978	244
21.05.1978	218
22.05.1978	250
23.05.1978	287
24.05.1978	346
25.05.1978	310
26.05.1978	295
27.05.1978	241
28.05.1978	242
29.05.1978	260
30.05.1978	272
31.05.1978	338
01.06.1978	313
02.06.1978	268
03.06.1978	225
04.06.1978	220
05.06.1978	261
06.06.1978	279
07.06.1978	282
08.06.1978	302
09.06.1978	281
10.06.1978	203
11.06.1978	193
12.06.1978	284
13.06.1978	303
14.06.1978	305
15.06.1978	268
16.06.1978	277
17.06.1978	224
18.06.1978	211
19.06.1978	274
20.06.1978	309
21.06.1978	309
22.06.1978	285
23.06.1978	230
24.06.1978	212
25.06.1978	225
26.06.1978	271
27.06.1978	287
28.06.1978	304
29.06.1978	307
30.06.1978	242
01.07.1978	198
02.07.1978	198
03.07.1978	242
04.07.1978	284
05.07.1978	290
06.07.1978	315
07.07.1978	299
08.07.1978	244
09.07.1978	249
10.07.1978	279
11.07.1978	295
12.07.1978	286
13.07.1978	275
14.07.1978	261
15.07.1978	210
16.07.1978	200
17.07.1978	290
18.07.1978	264
19.07.1978	252
20.07.1978	285
21.07.1978	252
22.07.1978	247
23.07.1978	222
24.07.1978	234
25.07.1978	285
26.07.1978	262
27.07.1978	283
28.07.1978	279
29.07.1978	221
30.07.1978	208
31.07.1978	258
01.08.1978	291
02.08.1978	290
03.08.1978	299
04.08.1978	239
05.08.1978	236
06.08.1978	212
07.08.1978	282
08.08.1978	304
09.08.1978	265
10.08.1978	300
11.08.1978	257
12.08.1978	208
13.08.1978	202
14.08.1978	283
15.08.1978	282
16.08.1978	272
17.08.1978	321
18.08.1978	295
19.08.1978	244
20.08.1978	210
21.08.1978	246
22.08.1978	283
23.08.1978	284
24.08.1978	255
25.08.1978	245
26.08.1978	217
27.08.1978	178
28.08.1978	287
29.08.1978	279
30.08.1978	249
31.08.1978	271
01.09.1978	278
02.09.1978	196
03.09.1978	213
04.09.1978	200
05.09.1978	298
06.09.1978	279
07.09.1978	269
08.09.1978	278
09.09.1978	221
10.09.1978	202
11.09.1978	246
12.09.1978	301
13.09.1978	256
14.09.1978	290
15.09.1978	302
16.09.1978	228
17.09.1978	212
18.09.1978	255
19.09.1978	313
20.09.1978	271
21.09.1978	296
22.09.1978	284
23.09.1978	238
24.09.1978	220
25.09.1978	287
26.09.1978	350
27.09.1978	287
28.09.1978	342
29.09.1978	298
30.09.1978	215
01.10.1978	228
02.10.1978	272
03.10.1978	275
04.10.1978	255
05.10.1978	282
06.10.1978	300
07.10.1978	217
08.10.1978	175
09.10.1978	224
10.10.1978	265
11.10.1978	304
12.10.1978	256
13.10.1978	276
14.10.1978	187
15.10.1978	222
16.10.1978	231
17.10.1978	292
18.10.1978	247
19.10.1978	259
20.10.1978	278
21.10.1978	236
22.10.1978	228
23.10.1978	263
24.10.1978	293
25.10.1978	285
26.10.1978	220
27.10.1978	258
28.10.1978	224
29.10.1978	201
30.10.1978	212
31.10.1978	247
01.11.1978	280
02.11.1978	253
03.11.1978	237
04.11.1978	186
05.11.1978	193
06.11.1978	221
07.11.1978	288
08.11.1978	273
09.11.1978	282
10.11.1978	249
11.11.1978	220
12.11.1978	189
13.11.1978	272
14.11.1978	267
15.11.1978	270
16.11.1978	283
17.11.1978	263
18.11.1978	216
19.11.1978	190
20.11.1978	262
21.11.1978	265
22.11.1978	255
23.11.1978	247
24.11.1978	271
25.11.1978	203
26.11.1978	206
27.11.1978	242
28.11.1978	275
29.11.1978	249
30.11.1978	288
01.12.1978	278
02.12.1978	233
03.12.1978	205
04.12.1978	242
05.12.1978	254
06.12.1978	255
07.12.1978	283
08.12.1978	273
09.12.1978	199
10.12.1978	208
11.12.1978	269
12.12.1978	297
13.12.1978	262
14.12.1978	268
15.12.1978	288
16.12.1978	238
17.12.1978	204
18.12.1978	262
19.12.1978	283
20.12.1978	271
21.12.1978	274
22.12.1978	242
23.12.1978	208
24.12.1978	190
25.12.1978	179
26.12.1978	202
27.12.1978	240
28.12.1978	283
29.12.1978	260
30.12.1978	199
31.12.1978	211
01.01.1979	208
02.01.1979	219
03.01.1979	229
04.01.1979	242
05.01.1979	280
06.01.1979	192
07.01.1979	165
08.01.1979	264
09.01.1979	230
10.01.1979	279
11.01.1979	271
12.01.1979	267
13.01.1979	185
14.01.1979	208
15.01.1979	261
16.01.1979	254
17.01.1979	253
18.01.1979	270
19.01.1979	271
20.01.1979	224
21.01.1979	230
22.01.1979	280
23.01.1979	249
24.01.1979	276
25.01.1979	275
26.01.1979	277
27.01.1979	218
28.01.1979	222
29.01.1979	270
30.01.1979	291
31.01.1979	260
01.02.1979	287
02.02.1979	260
03.02.1979	204
04.02.1979	214
05.02.1979	236
06.02.1979	301
07.02.1979	275
08.02.1979	265
09.02.1979	255
10.02.1979	207
11.02.1979	213
12.02.1979	221
13.02.1979	296
14.02.1979	276
15.02.1979	279
16.02.1979	251
17.02.1979	204
18.02.1979	222
19.02.1979	250
20.02.1979	270
21.02.1979	279
22.02.1979	322
23.02.1979	305
24.02.1979	221
25.02.1979	207
26.02.1979	283
27.02.1979	290
28.02.1979	295
01.03.1979	322
02.03.1979	307
03.03.1979	248
04.03.1979	207
05.03.1979	288
06.03.1979	285
07.03.1979	299
08.03.1979	309
09.03.1979	284
10.03.1979	258
11.03.1979	211
12.03.1979	279
13.03.1979	297
14.03.1979	307
15.03.1979	308
16.03.1979	292
17.03.1979	233
18.03.1979	237
19.03.1979	282
20.03.1979	307
21.03.1979	330
22.03.1979	311
23.03.1979	279
24.03.1979	255
25.03.1979	236
26.03.1979	287
27.03.1979	319
28.03.1979	302
29.03.1979	321
30.03.1979	303
31.03.1979	250
01.04.1979	234
02.04.1979	291
03.04.1979	327
04.04.1979	321
05.04.1979	326
06.04.1979	347
07.04.1979	225
08.04.1979	224
09.04.1979	286
10.04.1979	311
11.04.1979	326
12.04.1979	317
13.04.1979	292
14.04.1979	285
15.04.1979	237
16.04.1979	255
17.04.1979	309
18.04.1979	321
19.04.1979	311
20.04.1979	319
21.04.1979	263
22.04.1979	245
23.04.1979	275
24.04.1979	317
25.04.1979	300
26.04.1979	305
27.04.1979	295
28.04.1979	240
29.04.1979	206
30.04.1979	291
01.05.1979	317
02.05.1979	301
03.05.1979	290
04.05.1979	302
05.05.1979	242
06.05.1979	203
07.05.1979	307
08.05.1979	343
09.05.1979	333
10.05.1979	314
11.05.1979	326
12.05.1979	230
13.05.1979	227
14.05.1979	296
15.05.1979	313
16.05.1979	306
17.05.1979	322
18.05.1979	340
19.05.1979	244
20.05.1979	273
21.05.1979	255
22.05.1979	296
23.05.1979	274
24.05.1979	284
25.05.1979	338
26.05.1979	217
27.05.1979	187
28.05.1979	302
29.05.1979	298
30.05.1979	289
31.05.1979	332
01.06.1979	287
02.06.1979	232
03.06.1979	224
04.06.1979	301
05.06.1979	308
06.06.1979	288
07.06.1979	303
08.06.1979	307
09.06.1979	260
10.06.1979	219
11.06.1979	322
12.06.1979	284
13.06.1979	306
14.06.1979	275
15.06.1979	262
16.06.1979	240
17.06.1979	248
18.06.1979	289
19.06.1979	316
20.06.1979	284
21.06.1979	345
22.06.1979	324
23.06.1979	224
24.06.1979	217
25.06.1979	241
26.06.1979	310
27.06.1979	298
28.06.1979	339
29.06.1979	313
30.06.1979	252
01.07.1979	207
02.07.1979	235
03.07.1979	313
04.07.1979	307
05.07.1979	317
06.07.1979	322
07.07.1979	269
08.07.1979	218
09.07.1979	273
10.07.1979	327
11.07.1979	318
12.07.1979	318
13.07.1979	324
14.07.1979	228
15.07.1979	231
16.07.1979	260
17.07.1979	309
18.07.1979	298
19.07.1979	311
20.07.1979	266
21.07.1979	227
22.07.1979	178
23.07.1979	314
24.07.1979	335
25.07.1979	294
26.07.1979	299
27.07.1979	272
28.07.1979	234
29.07.1979	195
30.07.1979	279
31.07.1979	285
01.08.1979	286
02.08.1979	278
03.08.1979	288
04.08.1979	222
05.08.1979	216
06.08.1979	295
07.08.1979	264
08.08.1979	294
09.08.1979	304
10.08.1979	305
11.08.1979	228
12.08.1979	216
13.08.1979	260
14.08.1979	276
15.08.1979	305
16.08.1979	290
17.08.1979	294
18.08.1979	249
19.08.1979	223
20.08.1979	279
21.08.1979	312
22.08.1979	297
23.08.1979	284
24.08.1979	317
25.08.1979	248
26.08.1979	202
27.08.1979	259
28.08.1979	297
29.08.1979	249
30.08.1979	295
31.08.1979	275
01.09.1979	204
02.09.1979	199
03.09.1979	226
04.09.1979	280
05.09.1979	301
06.09.1979	329
07.09.1979	307
08.09.1979	208
09.09.1979	222
10.09.1979	298
11.09.1979	329
12.09.1979	320
13.09.1979	305
14.09.1979	327
15.09.1979	226
16.09.1979	251
17.09.1979	281
18.09.1979	365
19.09.1979	311
20.09.1979	332
21.09.1979	305
22.09.1979	277
23.09.1979	210
24.09.1979	309
25.09.1979	347
26.09.1979	338
27.09.1979	358
28.09.1979	344
29.09.1979	243
30.09.1979	233
01.10.1979	265
02.10.1979	300
03.10.1979	278
04.10.1979	328
05.10.1979	286
06.10.1979	246
07.10.1979	240
08.10.1979	229
09.10.1979	275
10.10.1979	259
11.10.1979	292
12.10.1979	311
13.10.1979	230
14.10.1979	234
15.10.1979	276
16.10.1979	281
17.10.1979	313
18.10.1979	285
19.10.1979	275
20.10.1979	224
21.10.1979	203
22.10.1979	266
23.10.1979	294
24.10.1979	275
25.10.1979	273
26.10.1979	279
27.10.1979	230
28.10.1979	202
29.10.1979	270
30.10.1979	283
31.10.1979	285
01.11.1979	258
02.11.1979	257
03.11.1979	227
04.11.1979	214
05.11.1979	242
06.11.1979	305
07.11.1979	284
08.11.1979	316
09.11.1979	288
10.11.1979	254
11.11.1979	221
12.11.1979	295
13.11.1979	260
14.11.1979	288
15.11.1979	270
16.11.1979	245
17.11.1979	201
18.11.1979	222
19.11.1979	263
20.11.1979	288
21.11.1979	248
22.11.1979	249
23.11.1979	280
24.11.1979	199
25.11.1979	189
26.11.1979	279
27.11.1979	285
28.11.1979	262
29.11.1979	294
30.11.1979	256
01.12.1979	206
02.12.1979	176
03.12.1979	227
04.12.1979	277
05.12.1979	297
06.12.1979	276
07.12.1979	277
08.12.1979	206
09.12.1979	221
10.12.1979	257
11.12.1979	273
12.12.1979	267
13.12.1979	272
14.12.1979	254
15.12.1979	222
16.12.1979	205
17.12.1979	267
18.12.1979	296
19.12.1979	282
20.12.1979	276
21.12.1979	275
22.12.1979	186
23.12.1979	189
24.12.1979	206
25.12.1979	192
26.12.1979	221
27.12.1979	285
28.12.1979	327
29.12.1979	226
30.12.1979	213
31.12.1979	230
01.01.1980	208
02.01.1980	229
03.01.1980	291
04.01.1980	273
05.01.1980	226
06.01.1980	216
07.01.1980	225
08.01.1980	284
09.01.1980	279
10.01.1980	241
11.01.1980	267
12.01.1980	211
13.01.1980	202
14.01.1980	268
15.01.1980	264
16.01.1980	270
17.01.1980	302
18.01.1980	286
19.01.1980	218
20.01.1980	201
21.01.1980	276
22.01.1980	278
23.01.1980	244
24.01.1980	243
25.01.1980	267
26.01.1980	220
27.01.1980	212
28.01.1980	247
29.01.1980	280
30.01.1980	251
31.01.1980	259
01.02.1980	265
02.02.1980	219
03.02.1980	207
04.02.1980	282
05.02.1980	269
06.02.1980	253
07.02.1980	306
08.02.1980	264
09.02.1980	213
10.02.1980	207
11.02.1980	242
12.02.1980	310
13.02.1980	246
14.02.1980	300
15.02.1980	279
16.02.1980	220
17.02.1980	234
18.02.1980	262
19.02.1980	316
20.02.1980	285
21.02.1980	328
22.02.1980	255
23.02.1980	223
24.02.1980	215
25.02.1980	264
26.02.1980	314
27.02.1980	317
28.02.1980	312
29.02.1980	255
01.03.1980	250
02.03.1980	215
03.03.1980	236
04.03.1980	284
05.03.1980	285
06.03.1980	298
07.03.1980	282
08.03.1980	243
09.03.1980	248
10.03.1980	284
11.03.1980	289
12.03.1980	291
13.03.1980	285
14.03.1980	271
15.03.1980	235
16.03.1980	220
17.03.1980	304
18.03.1980	297
19.03.1980	311
20.03.1980	275
21.03.1980	296
22.03.1980	261
23.03.1980	257
24.03.1980	298
25.03.1980	300
26.03.1980	293
27.03.1980	290
28.03.1980	273
29.03.1980	242
30.03.1980	214
31.03.1980	278
01.04.1980	323
02.04.1980	333
03.04.1980	328
04.04.1980	251
05.04.1980	225
06.04.1980	217
07.04.1980	248
08.04.1980	298
09.04.1980	294
10.04.1980	326
11.04.1980	295
12.04.1980	279
13.04.1980	227
14.04.1980	296
15.04.1980	284
16.04.1980	315
17.04.1980	296
18.04.1980	291
19.04.1980	234
20.04.1980	220
21.04.1980	298
22.04.1980	305
23.04.1980	276
24.04.1980	329
25.04.1980	296
26.04.1980	245
27.04.1980	232
28.04.1980	294
29.04.1980	325
30.04.1980	325
01.05.1980	304
02.05.1980	292
03.05.1980	215
04.05.1980	237
05.05.1980	293
06.05.1980	259
07.05.1980	270
08.05.1980	300
09.05.1980	280
10.05.1980	245
11.05.1980	241
12.05.1980	297
13.05.1980	314
14.05.1980	324
15.05.1980	318
16.05.1980	277
17.05.1980	213
18.05.1980	233
19.05.1980	267
20.05.1980	306
21.05.1980	319
22.05.1980	326
23.05.1980	339
24.05.1980	250
25.05.1980	233
26.05.1980	307
27.05.1980	284
28.05.1980	306
29.05.1980	282
30.05.1980	291
31.05.1980	232
01.06.1980	227
02.06.1980	312
03.06.1980	333
04.06.1980	312
05.06.1980	312
06.06.1980	291
07.06.1980	226
08.06.1980	216
09.06.1980	281
10.06.1980	301
11.06.1980	255
12.06.1980	320
13.06.1980	246
14.06.1980	227
15.06.1980	225
16.06.1980	279
17.06.1980	284
18.06.1980	284
19.06.1980	288
20.06.1980	301
21.06.1980	248
22.06.1980	223
23.06.1980	292
24.06.1980	251
25.06.1980	301
26.06.1980	346
27.06.1980	339
28.06.1980	247
29.06.1980	200
30.06.1980	259
01.07.1980	250
02.07.1980	283
03.07.1980	329
04.07.1980	313
05.07.1980	218
06.07.1980	244
07.07.1980	253
08.07.1980	325
09.07.1980	272
10.07.1980	328
11.07.1980	306
12.07.1980	248
13.07.1980	194
14.07.1980	257
15.07.1980	292
16.07.1980	258
17.07.1980	302
18.07.1980	283
19.07.1980	240
20.07.1980	230
21.07.1980	296
22.07.1980	289
23.07.1980	280
24.07.1980	294
25.07.1980	310
26.07.1980	223
27.07.1980	213
28.07.1980	275
29.07.1980	260
30.07.1980	299
31.07.1980	262
01.08.1980	323
02.08.1980	224
03.08.1980	193
04.08.1980	239
05.08.1980	301
06.08.1980	268
07.08.1980	264
08.08.1980	261
09.08.1980	230
10.08.1980	217
11.08.1980	250
12.08.1980	328
13.08.1980	307
14.08.1980	294
15.08.1980	302
16.08.1980	208
17.08.1980	198
18.08.1980	255
19.08.1980	302
20.08.1980	249
21.08.1980	278
22.08.1980	314
23.08.1980	265
24.08.1980	203
25.08.1980	309
26.08.1980	290
27.08.1980	310
28.08.1980	275
29.08.1980	285
30.08.1980	247
31.08.1980	198
01.09.1980	224
02.09.1980	241
03.09.1980	286
04.09.1980	277
05.09.1980	308
06.09.1980	232
07.09.1980	206
08.09.1980	248
09.09.1980	307
10.09.1980	270
11.09.1980	305
12.09.1980	281
13.09.1980	211
14.09.1980	260
15.09.1980	298
16.09.1980	323
17.09.1980	350
18.09.1980	287
19.09.1980	341
20.09.1980	218
21.09.1980	246
22.09.1980	320
23.09.1980	339
24.09.1980	336
25.09.1980	334
26.09.1980	333
27.09.1980	231
28.09.1980	222
29.09.1980	317
30.09.1980	366
01.10.1980	283
02.10.1980	312
03.10.1980	279
04.10.1980	230
05.10.1980	195
06.10.1980	300
07.10.1980	299
08.10.1980	268
09.10.1980	313
10.10.1980	299
11.10.1980	222
12.10.1980	215
13.10.1980	237
14.10.1980	277
15.10.1980	288
16.10.1980	276
17.10.1980	252
18.10.1980	221
19.10.1980	219
20.10.1980	284
21.10.1980	332
22.10.1980	259
23.10.1980	281
24.10.1980	268
25.10.1980	208
26.10.1980	231
27.10.1980	260
28.10.1980	282
29.10.1980	276
30.10.1980	267
31.10.1980	231
01.11.1980	231
02.11.1980	213
03.11.1980	216
04.11.1980	247
05.11.1980	273
06.11.1980	296
07.11.1980	251
08.11.1980	222
09.11.1980	179
10.11.1980	233
11.11.1980	285
12.11.1980	289
13.11.1980	281
14.11.1980	254
15.11.1980	225
16.11.1980	176
17.11.1980	279
18.11.1980	270
19.11.1980	279
20.11.1980	273
21.11.1980	273
22.11.1980	172
23.11.1980	188
24.11.1980	267
25.11.1980	261
26.11.1980	316
27.11.1980	252
28.11.1980	257
29.11.1980	214
30.11.1980	183
01.12.1980	270
02.12.1980	257
03.12.1980	256
04.12.1980	252
05.12.1980	267
06.12.1980	193
07.12.1980	173
08.12.1980	261
09.12.1980	254
10.12.1980	248
11.12.1980	273
12.12.1980	254
13.12.1980	212
14.12.1980	188
15.12.1980	273
16.12.1980	286
17.12.1980	268
18.12.1980	285
19.12.1980	310
20.12.1980	205
21.12.1980	190
22.12.1980	263
23.12.1980	263
24.12.1980	232
25.12.1980	168
26.12.1980	216
27.12.1980	207
28.12.1980	213
29.12.1980	278
30.12.1980	286
31.12.1980	281
01.01.1981	211
02.01.1981	254
03.01.1981	196
04.01.1981	232
05.01.1981	282
06.01.1981	289
07.01.1981	279
08.01.1981	242
09.01.1981	294
10.01.1981	203
11.01.1981	208
12.01.1981	265
13.01.1981	273
14.01.1981	247
15.01.1981	251
16.01.1981	247
17.01.1981	234
18.01.1981	218
19.01.1981	267
20.01.1981	280
21.01.1981	272
22.01.1981	260
23.01.1981	273
24.01.1981	176
25.01.1981	204
26.01.1981	247
27.01.1981	275
28.01.1981	285
29.01.1981	279
30.01.1981	273
31.01.1981	211
01.02.1981	183
02.02.1981	279
03.02.1981	255
04.02.1981	276
05.02.1981	260
06.02.1981	298
07.02.1981	212
08.02.1981	203
09.02.1981	266
10.02.1981	290
11.02.1981	277
12.02.1981	291
13.02.1981	253
14.02.1981	185
15.02.1981	212
16.02.1981	258
17.02.1981	309
18.02.1981	281
19.02.1981	276
20.02.1981	276
21.02.1981	214
22.02.1981	234
23.02.1981	279
24.02.1981	300
25.02.1981	299
26.02.1981	298
27.02.1981	278
28.02.1981	224
01.03.1981	232
02.03.1981	276
03.03.1981	301
04.03.1981	264
05.03.1981	286
06.03.1981	318
07.03.1981	233
08.03.1981	233
09.03.1981	285
10.03.1981	301
11.03.1981	279
12.03.1981	312
13.03.1981	305
14.03.1981	225
15.03.1981	186
16.03.1981	287
17.03.1981	306
18.03.1981	336
19.03.1981	295
20.03.1981	290
21.03.1981	223
22.03.1981	221
23.03.1981	325
24.03.1981	298
25.03.1981	279
26.03.1981	305
27.03.1981	324
28.03.1981	209
29.03.1981	224
30.03.1981	298
31.03.1981	340
01.04.1981	306
02.04.1981	298
03.04.1981	300
04.04.1981	244
05.04.1981	224
06.04.1981	317
07.04.1981	305
08.04.1981	292
09.04.1981	311
10.04.1981	324
11.04.1981	210
12.04.1981	206
13.04.1981	256
14.04.1981	302
15.04.1981	291
16.04.1981	341
17.04.1981	290
18.04.1981	222
19.04.1981	207
20.04.1981	265
21.04.1981	309
22.04.1981	303
23.04.1981	330
24.04.1981	344
25.04.1981	254
26.04.1981	230
27.04.1981	288
28.04.1981	298
29.04.1981	308
30.04.1981	288
01.05.1981	284
02.05.1981	210
03.05.1981	233
04.05.1981	311
05.05.1981	311
06.05.1981	311
07.05.1981	289
08.05.1981	322
09.05.1981	225
10.05.1981	228
11.05.1981	273
12.05.1981	295
13.05.1981	283
14.05.1981	314
15.05.1981	293
16.05.1981	198
17.05.1981	203
18.05.1981	255
19.05.1981	303
20.05.1981	298
21.05.1981	300
22.05.1981	305
23.05.1981	250
24.05.1981	199
25.05.1981	276
26.05.1981	276
27.05.1981	275
28.05.1981	297
29.05.1981	287
30.05.1981	222
31.05.1981	201
01.06.1981	272
02.06.1981	281
03.06.1981	260
04.06.1981	299
05.06.1981	265
06.06.1981	264
07.06.1981	212
08.06.1981	296
09.06.1981	296
10.06.1981	284
11.06.1981	277
12.06.1981	296
13.06.1981	235
14.06.1981	204
15.06.1981	257
16.06.1981	309
17.06.1981	313
18.06.1981	334
19.06.1981	299
20.06.1981	202
21.06.1981	221
22.06.1981	271
23.06.1981	324
24.06.1981	256
25.06.1981	284
26.06.1981	286
27.06.1981	212
28.06.1981	209
29.06.1981	299
30.06.1981	298
01.07.1981	269
02.07.1981	296
03.07.1981	264
04.07.1981	215
05.07.1981	208
06.07.1981	313
07.07.1981	308
08.07.1981	303
09.07.1981	260
10.07.1981	287
11.07.1981	197
12.07.1981	186
13.07.1981	256
14.07.1981	304
15.07.1981	285
16.07.1981	322
17.07.1981	295
18.07.1981	217
19.07.1981	209
20.07.1981	280
21.07.1981	300
22.07.1981	302
23.07.1981	291
24.07.1981	282
25.07.1981	185
26.07.1981	192
27.07.1981	285
28.07.1981	302
29.07.1981	264
30.07.1981	303
31.07.1981	252
01.08.1981	236
02.08.1981	203
03.08.1981	279
04.08.1981	296
05.08.1981	297
06.08.1981	292
07.08.1981	293
08.08.1981	208
09.08.1981	192
10.08.1981	290
11.08.1981	287
12.08.1981	295
13.08.1981	283
14.08.1981	291
15.08.1981	233
16.08.1981	212
17.08.1981	269
18.08.1981	306
19.08.1981	281
20.08.1981	265
21.08.1981	314
22.08.1981	213
23.08.1981	209
24.08.1981	272
25.08.1981	275
26.08.1981	276
27.08.1981	271
28.08.1981	275
29.08.1981	232
30.08.1981	203
31.08.1981	257
01.09.1981	278
02.09.1981	290
03.09.1981	279
04.09.1981	296
05.09.1981	232
06.09.1981	225
07.09.1981	211
08.09.1981	303
09.09.1981	298
10.09.1981	304
11.09.1981	256
12.09.1981	212
13.09.1981	233
14.09.1981	277
15.09.1981	319
16.09.1981	306
17.09.1981	300
18.09.1981	318
19.09.1981	216
20.09.1981	218
21.09.1981	267
22.09.1981	301
23.09.1981	300
24.09.1981	297
25.09.1981	298
26.09.1981	239
27.09.1981	200
28.09.1981	279
29.09.1981	267
30.09.1981	288
01.10.1981	281
02.10.1981	296
03.10.1981	216
04.10.1981	202
05.10.1981	266
06.10.1981	300
07.10.1981	279
08.10.1981	303
09.10.1981	282
10.10.1981	214
11.10.1981	171
12.10.1981	231
13.10.1981	277
14.10.1981	280
15.10.1981	284
16.10.1981	264
17.10.1981	193
18.10.1981	188
19.10.1981	277
20.10.1981	278
21.10.1981	261
22.10.1981	270
23.10.1981	265
24.10.1981	214
25.10.1981	179
26.10.1981	248
27.10.1981	276
28.10.1981	234
29.10.1981	280
30.10.1981	270
31.10.1981	220
01.11.1981	197
02.11.1981	237
03.11.1981	279
04.11.1981	266
05.11.1981	276
06.11.1981	280
07.11.1981	241
08.11.1981	195
09.11.1981	248
10.11.1981	251
11.11.1981	228
12.11.1981	251
13.11.1981	243
14.11.1981	220
15.11.1981	166
16.11.1981	249
17.11.1981	268
18.11.1981	236
19.11.1981	262
20.11.1981	284
21.11.1981	206
22.11.1981	185
23.11.1981	234
24.11.1981	251
25.11.1981	266
26.11.1981	258
27.11.1981	270
28.11.1981	203
29.11.1981	198
30.11.1981	245
01.12.1981	255
02.12.1981	278
03.12.1981	233
04.12.1981	269
05.12.1981	190
06.12.1981	205
07.12.1981	220
08.12.1981	252
09.12.1981	248
10.12.1981	271
11.12.1981	282
12.12.1981	214
13.12.1981	204
14.12.1981	252
15.12.1981	249
16.12.1981	275
17.12.1981	292
18.12.1981	247
19.12.1981	194
20.12.1981	195
21.12.1981	270
22.12.1981	266
23.12.1981	271
24.12.1981	180
25.12.1981	155
26.12.1981	187
27.12.1981	201
28.12.1981	251
29.12.1981	271
30.12.1981	285
31.12.1981	230
01.01.1982	198
02.01.1982	197
03.01.1982	215
04.01.1982	241
05.01.1982	277
06.01.1982	280
07.01.1982	257
08.01.1982	271
09.01.1982	222
10.01.1982	194
11.01.1982	266
12.01.1982	254
13.01.1982	244
14.01.1982	270
15.01.1982	253
16.01.1982	202
17.01.1982	186
18.01.1982	264
19.01.1982	256
20.01.1982	236
21.01.1982	293
22.01.1982	238
23.01.1982	200
24.01.1982	204
25.01.1982	264
26.01.1982	281
27.01.1982	257
28.01.1982	246
29.01.1982	288
30.01.1982	191
31.01.1982	212
01.02.1982	258
02.02.1982	276
03.02.1982	267
04.02.1982	280
05.02.1982	291
06.02.1982	189
07.02.1982	191
08.02.1982	267
09.02.1982	293
10.02.1982	265
11.02.1982	278
12.02.1982	254
13.02.1982	199
14.02.1982	211
15.02.1982	272
16.02.1982	293
17.02.1982	251
18.02.1982	268
19.02.1982	291
20.02.1982	218
21.02.1982	198
22.02.1982	285
23.02.1982	331
24.02.1982	290
25.02.1982	296
26.02.1982	284
27.02.1982	197
28.02.1982	198
01.03.1982	274
02.03.1982	274
03.03.1982	270
04.03.1982	253
05.03.1982	301
06.03.1982	225
07.03.1982	194
08.03.1982	247
09.03.1982	283
10.03.1982	277
11.03.1982	275
12.03.1982	293
13.03.1982	219
14.03.1982	220
15.03.1982	278
16.03.1982	266
17.03.1982	280
18.03.1982	261
19.03.1982	282
20.03.1982	205
21.03.1982	213
22.03.1982	279
23.03.1982	303
24.03.1982	269
25.03.1982	272
26.03.1982	297
27.03.1982	228
28.03.1982	204
29.03.1982	266
30.03.1982	304
31.03.1982	286
01.04.1982	277
02.04.1982	287
03.04.1982	243
04.04.1982	224
05.04.1982	272
06.04.1982	316
07.04.1982	301
08.04.1982	289
09.04.1982	267
10.04.1982	242
11.04.1982	220
12.04.1982	207
13.04.1982	295
14.04.1982	307
15.04.1982	307
16.04.1982	310
17.04.1982	219
18.04.1982	203
19.04.1982	252
20.04.1982	305
21.04.1982	301
22.04.1982	259
23.04.1982	280
24.04.1982	207
25.04.1982	202
26.04.1982	267
27.04.1982	300
28.04.1982	286
29.04.1982	303
30.04.1982	276
01.05.1982	251
02.05.1982	211
03.05.1982	296
04.05.1982	280
05.05.1982	290
06.05.1982	289
07.05.1982	289
08.05.1982	232
09.05.1982	197
10.05.1982	252
11.05.1982	277
12.05.1982	292
13.05.1982	273
14.05.1982	297
15.05.1982	219
16.05.1982	200
17.05.1982	274
18.05.1982	284
19.05.1982	279
20.05.1982	280
21.05.1982	308
22.05.1982	219
23.05.1982	192
24.05.1982	249
25.05.1982	255
26.05.1982	270
27.05.1982	303
28.05.1982	262
29.05.1982	206
30.05.1982	221
31.05.1982	267
01.06.1982	273
02.06.1982	252
03.06.1982	253
04.06.1982	257
05.06.1982	209
06.06.1982	216
07.06.1982	274
08.06.1982	311
09.06.1982	252
10.06.1982	321
11.06.1982	300
12.06.1982	208
13.06.1982	191
14.06.1982	257
15.06.1982	275
16.06.1982	284
17.06.1982	275
18.06.1982	286
19.06.1982	216
20.06.1982	193
21.06.1982	262
22.06.1982	276
23.06.1982	260
24.06.1982	226
25.06.1982	246
26.06.1982	195
27.06.1982	197
28.06.1982	299
29.06.1982	280
30.06.1982	281
01.07.1982	253
02.07.1982	202
03.07.1982	203
04.07.1982	197
05.07.1982	250
06.07.1982	250
07.07.1982	286
08.07.1982	301
09.07.1982	281
10.07.1982	199
11.07.1982	196
12.07.1982	267
13.07.1982	262
14.07.1982	286
15.07.1982	291
16.07.1982	262
17.07.1982	233
18.07.1982	208
19.07.1982	264
20.07.1982	289
21.07.1982	276
22.07.1982	294
23.07.1982	267
24.07.1982	193
25.07.1982	213
26.07.1982	257
27.07.1982	259
28.07.1982	274
29.07.1982	279
30.07.1982	247
31.07.1982	215
01.08.1982	148
02.08.1982	231
03.08.1982	265
04.08.1982	235
05.08.1982	254
06.08.1982	253
07.08.1982	173
08.08.1982	193
09.08.1982	288
10.08.1982	287
11.08.1982	273
12.08.1982	268
13.08.1982	279
14.08.1982	206
15.08.1982	183
16.08.1982	259
17.08.1982	290
18.08.1982	251
19.08.1982	290
20.08.1982	270
21.08.1982	223
22.08.1982	184
23.08.1982	239
24.08.1982	261
25.08.1982	258
26.08.1982	247
27.08.1982	268
28.08.1982	200
29.08.1982	200
30.08.1982	269
31.08.1982	279
01.09.1982	237
02.09.1982	259
03.09.1982	262
04.09.1982	213
05.09.1982	183
06.09.1982	215
07.09.1982	260
08.09.1982	265
09.09.1982	271
10.09.1982	295
11.09.1982	223
12.09.1982	196
13.09.1982	279
14.09.1982	279
15.09.1982	245
16.09.1982	257
17.09.1982	262
18.09.1982	220
19.09.1982	219
20.09.1982	301
21.09.1982	272
22.09.1982	290
23.09.1982	292
24.09.1982	295
25.09.1982	237
26.09.1982	194
27.09.1982	273
28.09.1982	300
29.09.1982	313
30.09.1982	291
01.10.1982	295
02.10.1982	203
03.10.1982	198
04.10.1982	240
05.10.1982	275
06.10.1982	261
07.10.1982	279
08.10.1982	279
09.10.1982	210
10.10.1982	178
11.10.1982	208
12.10.1982	280
13.10.1982	266
14.10.1982	269
15.10.1982	234
16.10.1982	208
17.10.1982	196
18.10.1982	271
19.10.1982	231
20.10.1982	266
21.10.1982	278
22.10.1982	270
23.10.1982	200
24.10.1982	181
25.10.1982	244
26.10.1982	239
27.10.1982	257
28.10.1982	272
29.10.1982	246
30.10.1982	184
31.10.1982	182
01.11.1982	216
02.11.1982	244
03.11.1982	262
04.11.1982	239
05.11.1982	265
06.11.1982	202
07.11.1982	208
08.11.1982	244
09.11.1982	221
10.11.1982	219
11.11.1982	272
12.11.1982	234
13.11.1982	219
14.11.1982	157
15.11.1982	285
16.11.1982	257
17.11.1982	261
18.11.1982	246
19.11.1982	248
20.11.1982	183
21.11.1982	184
22.11.1982	258
23.11.1982	258
24.11.1982	251
25.11.1982	246
26.11.1982	267
27.11.1982	200
28.11.1982	166
29.11.1982	231
30.11.1982	257
01.12.1982	255
02.12.1982	248
03.12.1982	247
04.12.1982	183
05.12.1982	192
06.12.1982	248
07.12.1982	271
08.12.1982	236
09.12.1982	250
10.12.1982	263
11.12.1982	176
12.12.1982	162
13.12.1982	227
14.12.1982	225
15.12.1982	234
16.12.1982	250
17.12.1982	265
18.12.1982	168
19.12.1982	201
20.12.1982	258
21.12.1982	252
22.12.1982	200
23.12.1982	209
24.12.1982	169
25.12.1982	163
26.12.1982	153
27.12.1982	223
28.12.1982	248
29.12.1982	228
30.12.1982	229
31.12.1982	182
01.01.1983	172
02.01.1983	178
03.01.1983	206
04.01.1983	253
05.01.1983	256
06.01.1983	244
07.01.1983	241
08.01.1983	192
09.01.1983	148
10.01.1983	237
11.01.1983	238
12.01.1983	249
13.01.1983	267
14.01.1983	246
15.01.1983	200
16.01.1983	176
17.01.1983	218
18.01.1983	257
19.01.1983	236
20.01.1983	242
21.01.1983	243
22.01.1983	191
23.01.1983	169
24.01.1983	258
25.01.1983	241
26.01.1983	243
27.01.1983	289
28.01.1983	240
29.01.1983	197
30.01.1983	188
31.01.1983	232
01.02.1983	230
02.02.1983	240
03.02.1983	237
04.02.1983	253
05.02.1983	199
06.02.1983	145
07.02.1983	245
08.02.1983	235
09.02.1983	267
10.02.1983	251
11.02.1983	260
12.02.1983	208
13.02.1983	149
14.02.1983	245
15.02.1983	268
16.02.1983	260
17.02.1983	247
18.02.1983	251
19.02.1983	205
20.02.1983	179
21.02.1983	203
22.02.1983	275
23.02.1983	223
24.02.1983	235
25.02.1983	263
26.02.1983	219
27.02.1983	152
28.02.1983	227
01.03.1983	318
02.03.1983	268
03.03.1983	250
04.03.1983	245
05.03.1983	205
06.03.1983	217
07.03.1983	266
08.03.1983	267
09.03.1983	259
10.03.1983	288
11.03.1983	284
12.03.1983	193
13.03.1983	224
14.03.1983	288
15.03.1983	280
16.03.1983	249
17.03.1983	254
18.03.1983	241
19.03.1983	223
20.03.1983	206
21.03.1983	273
22.03.1983	270
23.03.1983	267
24.03.1983	275
25.03.1983	274
26.03.1983	237
27.03.1983	202
28.03.1983	261
29.03.1983	306
30.03.1983	300
31.03.1983	268
01.04.1983	250
02.04.1983	224
03.04.1983	199
04.04.1983	221
05.04.1983	278
06.04.1983	304
07.04.1983	283
08.04.1983	285
09.04.1983	199
10.04.1983	215
11.04.1983	253
12.04.1983	276
13.04.1983	240
14.04.1983	281
15.04.1983	294
16.04.1983	197
17.04.1983	223
18.04.1983	283
19.04.1983	237
20.04.1983	270
21.04.1983	286
22.04.1983	243
23.04.1983	209
24.04.1983	184
25.04.1983	264
26.04.1983	283
27.04.1983	268
28.04.1983	297
29.04.1983	287
30.04.1983	226
01.05.1983	197
02.05.1983	256
03.05.1983	283
04.05.1983	281
05.05.1983	284
06.05.1983	311
07.05.1983	208
08.05.1983	203
09.05.1983	274
10.05.1983	271
11.05.1983	275
12.05.1983	272
13.05.1983	271
14.05.1983	219
15.05.1983	206
16.05.1983	288
17.05.1983	277
18.05.1983	245
19.05.1983	254
20.05.1983	281
21.05.1983	201
22.05.1983	190
23.05.1983	233
24.05.1983	285
25.05.1983	298
26.05.1983	296
27.05.1983	297
28.05.1983	246
29.05.1983	188
30.05.1983	244
31.05.1983	259
01.06.1983	262
02.06.1983	262
03.06.1983	258
04.06.1983	213
05.06.1983	194
06.06.1983	278
07.06.1983	258
08.06.1983	267
09.06.1983	293
10.06.1983	269
11.06.1983	208
12.06.1983	199
13.06.1983	288
14.06.1983	278
15.06.1983	286
16.06.1983	296
17.06.1983	286
18.06.1983	194
19.06.1983	174
20.06.1983	257
21.06.1983	305
22.06.1983	260
23.06.1983	285
24.06.1983	229
25.06.1983	197
26.06.1983	166
27.06.1983	264
28.06.1983	272
29.06.1983	279
30.06.1983	287
01.07.1983	235
02.07.1983	212
03.07.1983	185
04.07.1983	267
05.07.1983	265
06.07.1983	252
07.07.1983	294
08.07.1983	263
09.07.1983	194
10.07.1983	189
11.07.1983	256
12.07.1983	256
13.07.1983	231
14.07.1983	274
15.07.1983	272
16.07.1983	179
17.07.1983	203
18.07.1983	237
19.07.1983	269
20.07.1983	244
21.07.1983	262
22.07.1983	257
23.07.1983	184
24.07.1983	182
25.07.1983	251
26.07.1983	239
27.07.1983	265
28.07.1983	266
29.07.1983	306
30.07.1983	184
31.07.1983	181
01.08.1983	258
02.08.1983	261
03.08.1983	268
04.08.1983	284
05.08.1983	258
06.08.1983	198
07.08.1983	181
08.08.1983	242
09.08.1983	259
10.08.1983	265
11.08.1983	240
12.08.1983	252
13.08.1983	203
14.08.1983	173
15.08.1983	257
16.08.1983	265
17.08.1983	254
18.08.1983	268
19.08.1983	250
20.08.1983	189
21.08.1983	206
22.08.1983	238
23.08.1983	269
24.08.1983	252
25.08.1983	261
26.08.1983	264
27.08.1983	208
28.08.1983	180
29.08.1983	240
30.08.1983	251
31.08.1983	261
01.09.1983	234
02.09.1983	252
03.09.1983	200
04.09.1983	219
05.09.1983	199
06.09.1983	263
07.09.1983	286
08.09.1983	271
09.09.1983	276
10.09.1983	239
11.09.1983	188
12.09.1983	271
13.09.1983	262
14.09.1983	252
15.09.1983	293
16.09.1983	269
17.09.1983	208
18.09.1983	194
19.09.1983	264
20.09.1983	283
21.09.1983	306
22.09.1983	281
23.09.1983	267
24.09.1983	202
25.09.1983	176
26.09.1983	248
27.09.1983	265
28.09.1983	262
29.09.1983	297
30.09.1983	307
01.10.1983	187
02.10.1983	198
03.10.1983	248
04.10.1983	291
05.10.1983	284
06.10.1983	245
07.10.1983	273
08.10.1983	201
09.10.1983	189
10.10.1983	188
11.10.1983	250
12.10.1983	273
13.10.1983	269
14.10.1983	305
15.10.1983	221
16.10.1983	189
17.10.1983	239
18.10.1983	260
19.10.1983	230
20.10.1983	250
21.10.1983	256
22.10.1983	204
23.10.1983	172
24.10.1983	250
25.10.1983	277
26.10.1983	253
27.10.1983	269
28.10.1983	236
29.10.1983	183
30.10.1983	185
31.10.1983	228
01.11.1983	256
02.11.1983	288
03.11.1983	251
04.11.1983	281
05.11.1983	204
06.11.1983	191
07.11.1983	222
08.11.1983	270
09.11.1983	256
10.11.1983	257
11.11.1983	269
12.11.1983	203
13.11.1983	188
14.11.1983	228
15.11.1983	269
16.11.1983	259
17.11.1983	268
18.11.1983	229
19.11.1983	173
20.11.1983	178
21.11.1983	262
22.11.1983	270
23.11.1983	256
24.11.1983	254
25.11.1983	279
26.11.1983	197
27.11.1983	193
28.11.1983	212
29.11.1983	259
30.11.1983	278
01.12.1983	251
02.12.1983	234
03.12.1983	171
04.12.1983	168
05.12.1983	223
06.12.1983	252
07.12.1983	274
08.12.1983	285
09.12.1983	244
10.12.1983	199
11.12.1983	159
12.12.1983	261
13.12.1983	222
14.12.1983	242
15.12.1983	276
16.12.1983	270
17.12.1983	177
18.12.1983	157
19.12.1983	263
20.12.1983	297
21.12.1983	255
22.12.1983	242
23.12.1983	194
24.12.1983	187
25.12.1983	160
26.12.1983	188
27.12.1983	247
28.12.1983	283
29.12.1983	248
30.12.1983	205
31.12.1983	182
01.01.1984	169
02.01.1984	196
03.01.1984	245
04.01.1984	257
05.01.1984	235
06.01.1984	253
07.01.1984	188
08.01.1984	194
09.01.1984	234
10.01.1984	256
11.01.1984	242
12.01.1984	252
13.01.1984	258
14.01.1984	185
15.01.1984	180
16.01.1984	231
17.01.1984	249
18.01.1984	204
19.01.1984	234
20.01.1984	248
21.01.1984	185
22.01.1984	184
23.01.1984	248
24.01.1984	253
25.01.1984	243
26.01.1984	243
27.01.1984	243
28.01.1984	181
29.01.1984	186
30.01.1984	230
31.01.1984	250
01.02.1984	216
02.02.1984	252
03.02.1984	240
04.02.1984	160
05.02.1984	187
06.02.1984	247
07.02.1984	275
08.02.1984	265
09.02.1984	254
10.02.1984	267
11.02.1984	186
12.02.1984	174
13.02.1984	247
14.02.1984	283
15.02.1984	272
16.02.1984	297
17.02.1984	255
18.02.1984	188
19.02.1984	178
20.02.1984	239
21.02.1984	230
22.02.1984	276
23.02.1984	249
24.02.1984	256
25.02.1984	193
26.02.1984	199
27.02.1984	233
28.02.1984	255
29.02.1984	253
01.03.1984	255
02.03.1984	252
03.03.1984	221
04.03.1984	195
05.03.1984	264
06.03.1984	278
07.03.1984	233
08.03.1984	251
09.03.1984	264
10.03.1984	207
11.03.1984	193
12.03.1984	240
13.03.1984	265
14.03.1984	248
15.03.1984	266
16.03.1984	295
17.03.1984	204
18.03.1984	207
19.03.1984	262
20.03.1984	252
21.03.1984	263
22.03.1984	281
23.03.1984	266
24.03.1984	202
25.03.1984	195
26.03.1984	262
27.03.1984	278
28.03.1984	247
29.03.1984	283
30.03.1984	297
31.03.1984	215
01.04.1984	187
02.04.1984	277
03.04.1984	289
04.04.1984	261
05.04.1984	275
06.04.1984	284
07.04.1984	201
08.04.1984	194
09.04.1984	289
10.04.1984	272
11.04.1984	270
12.04.1984	278
13.04.1984	256
14.04.1984	232
15.04.1984	198
16.04.1984	284
17.04.1984	286
18.04.1984	285
19.04.1984	316
20.04.1984	257
21.04.1984	215
22.04.1984	187
23.04.1984	241
24.04.1984	313
25.04.1984	293
26.04.1984	313
27.04.1984	274
28.04.1984	222
29.04.1984	199
30.04.1984	268
01.05.1984	303
02.05.1984	280
03.05.1984	269
04.05.1984	290
05.05.1984	213
06.05.1984	205
07.05.1984	270
08.05.1984	264
09.05.1984	269
10.05.1984	307
11.05.1984	243
12.05.1984	217
13.05.1984	191
14.05.1984	241
15.05.1984	296
16.05.1984	259
17.05.1984	288
18.05.1984	295
19.05.1984	189
20.05.1984	188
21.05.1984	226
22.05.1984	283
23.05.1984	307
24.05.1984	298
25.05.1984	278
26.05.1984	185
27.05.1984	197
28.05.1984	250
29.05.1984	256
30.05.1984	255
31.05.1984	284
01.06.1984	269
02.06.1984	207
03.06.1984	191
04.06.1984	254
05.06.1984	260
06.06.1984	263
07.06.1984	270
08.06.1984	246
09.06.1984	210
10.06.1984	203
11.06.1984	257
12.06.1984	253
13.06.1984	266
14.06.1984	281
15.06.1984	242
16.06.1984	181
17.06.1984	209
18.06.1984	264
19.06.1984	263
20.06.1984	273
21.06.1984	280
22.06.1984	263
23.06.1984	179
24.06.1984	182
25.06.1984	191
26.06.1984	257
27.06.1984	280
28.06.1984	294
29.06.1984	294
30.06.1984	193
01.07.1984	209
02.07.1984	173
03.07.1984	281
04.07.1984	254
05.07.1984	269
06.07.1984	298
07.07.1984	190
08.07.1984	198
09.07.1984	241
10.07.1984	289
11.07.1984	238
12.07.1984	290
13.07.1984	289
14.07.1984	207
15.07.1984	172
16.07.1984	261
17.07.1984	266
18.07.1984	282
19.07.1984	289
20.07.1984	270
21.07.1984	197
22.07.1984	194
23.07.1984	244
24.07.1984	264
25.07.1984	241
26.07.1984	257
27.07.1984	281
28.07.1984	174
29.07.1984	189
30.07.1984	235
31.07.1984	275
01.08.1984	266
02.08.1984	276
03.08.1984	240
04.08.1984	195
05.08.1984	187
06.08.1984	260
07.08.1984	280
08.08.1984	266
09.08.1984	278
10.08.1984	266
11.08.1984	196
12.08.1984	186
13.08.1984	236
14.08.1984	260
15.08.1984	287
16.08.1984	271
17.08.1984	273
18.08.1984	203
19.08.1984	168
20.08.1984	266
21.08.1984	278
22.08.1984	268
23.08.1984	245
24.08.1984	251
25.08.1984	191
26.08.1984	197
27.08.1984	248
28.08.1984	288
29.08.1984	280
30.08.1984	281
31.08.1984	273
01.09.1984	198
02.09.1984	163
03.09.1984	181
04.09.1984	253
05.09.1984	265
06.09.1984	268
07.09.1984	288
08.09.1984	184
09.09.1984	204
10.09.1984	269
11.09.1984	252
12.09.1984	253
13.09.1984	306
14.09.1984	293
15.09.1984	194
16.09.1984	196
17.09.1984	268
18.09.1984	241
19.09.1984	304
20.09.1984	301
21.09.1984	317
22.09.1984	200
23.09.1984	197
24.09.1984	277
25.09.1984	287
26.09.1984	308
27.09.1984	283
28.09.1984	314
29.09.1984	214
30.09.1984	202
01.10.1984	258
02.10.1984	300
03.10.1984	276
04.10.1984	270
05.10.1984	273
06.10.1984	199
07.10.1984	194
08.10.1984	234
09.10.1984	239
10.10.1984	302
11.10.1984	275
12.10.1984	299
13.10.1984	188
14.10.1984	165
15.10.1984	245
16.10.1984	287
17.10.1984	272
18.10.1984	262
19.10.1984	297
20.10.1984	201
21.10.1984	194
22.10.1984	226
23.10.1984	231
24.10.1984	217
25.10.1984	282
26.10.1984	255
27.10.1984	164
28.10.1984	166
29.10.1984	261
30.10.1984	199
31.10.1984	222
01.11.1984	277
02.11.1984	252
03.11.1984	182
04.11.1984	180
05.11.1984	226
06.11.1984	229
07.11.1984	235
08.11.1984	252
09.11.1984	257
10.11.1984	176
11.11.1984	183
12.11.1984	255
13.11.1984	225
14.11.1984	266
15.11.1984	263
16.11.1984	259
17.11.1984	198
18.11.1984	185
19.11.1984	218
20.11.1984	251
21.11.1984	218
22.11.1984	247
23.11.1984	262
24.11.1984	163
25.11.1984	191
26.11.1984	251
27.11.1984	222
28.11.1984	249
29.11.1984	235
30.11.1984	240
01.12.1984	167
02.12.1984	170
03.12.1984	218
04.12.1984	218
05.12.1984	244
06.12.1984	263
07.12.1984	241
08.12.1984	186
09.12.1984	161
10.12.1984	224
11.12.1984	268
12.12.1984	224
13.12.1984	241
14.12.1984	229
15.12.1984	180
16.12.1984	174
17.12.1984	229
18.12.1984	257
19.12.1984	254
20.12.1984	274
21.12.1984	227
22.12.1984	161
23.12.1984	178
24.12.1984	159
25.12.1984	146
26.12.1984	167
27.12.1984	251
28.12.1984	303
29.12.1984	197
30.12.1984	167
31.12.1984	194
01.01.1985	145
02.01.1985	186
03.01.1985	222
04.01.1985	250
05.01.1985	208
06.01.1985	167
07.01.1985	251
08.01.1985	235
09.01.1985	252
10.01.1985	218
11.01.1985	258
12.01.1985	182
13.01.1985	179
14.01.1985	249
15.01.1985	253
16.01.1985	234
17.01.1985	243
18.01.1985	276
19.01.1985	168
20.01.1985	154
21.01.1985	208
22.01.1985	224
23.01.1985	226
24.01.1985	237
25.01.1985	246
26.01.1985	213
27.01.1985	164
28.01.1985	200
29.01.1985	243
30.01.1985	214
31.01.1985	241
01.02.1985	217
02.02.1985	191
03.02.1985	183
04.02.1985	237
05.02.1985	254
06.02.1985	270
07.02.1985	266
08.02.1985	234
09.02.1985	179
10.02.1985	193
11.02.1985	252
12.02.1985	244
13.02.1985	240
14.02.1985	227
15.02.1985	266
16.02.1985	193
17.02.1985	171
18.02.1985	240
19.02.1985	274
20.02.1985	269
21.02.1985	210
22.02.1985	250
23.02.1985	191
24.02.1985	168
25.02.1985	253
26.02.1985	226
27.02.1985	261
28.02.1985	270
01.03.1985	291
02.03.1985	191
03.03.1985	176
04.03.1985	242
05.03.1985	252
06.03.1985	276
07.03.1985	265
08.03.1985	255
09.03.1985	210
10.03.1985	199
11.03.1985	266
12.03.1985	268
13.03.1985	209
14.03.1985	258
15.03.1985	301
16.03.1985	198
17.03.1985	179
18.03.1985	267
19.03.1985	283
20.03.1985	260
21.03.1985	277
22.03.1985	257
23.03.1985	183
24.03.1985	207
25.03.1985	239
26.03.1985	270
27.03.1985	282
28.03.1985	294
29.03.1985	290
30.03.1985	185
31.03.1985	160
01.04.1985	248
02.04.1985	293
03.04.1985	298
04.04.1985	300
05.04.1985	243
06.04.1985	191
07.04.1985	219
08.04.1985	219
09.04.1985	242
10.04.1985	283
11.04.1985	264
12.04.1985	281
13.04.1985	236
14.04.1985	191
15.04.1985	252
16.04.1985	287
17.04.1985	259
18.04.1985	262
19.04.1985	266
20.04.1985	196
21.04.1985	231
22.04.1985	257
23.04.1985	305
24.04.1985	271
25.04.1985	288
26.04.1985	287
27.04.1985	197
28.04.1985	176
29.04.1985	282
30.04.1985	286
01.05.1985	285
02.05.1985	267
03.05.1985	260
04.05.1985	225
05.05.1985	183
06.05.1985	259
07.05.1985	286
08.05.1985	273
09.05.1985	287
10.05.1985	284
11.05.1985	188
12.05.1985	202
13.05.1985	286
14.05.1985	285
15.05.1985	261
16.05.1985	273
17.05.1985	253
18.05.1985	206
19.05.1985	177
20.05.1985	215
21.05.1985	290
22.05.1985	275
23.05.1985	303
24.05.1985	269
25.05.1985	183
26.05.1985	202
27.05.1985	274
28.05.1985	250
29.05.1985	244
30.05.1985	282
31.05.1985	259
01.06.1985	211
02.06.1985	213
03.06.1985	278
04.06.1985	243
05.06.1985	272
06.06.1985	286
07.06.1985	298
08.06.1985	202
09.06.1985	221
10.06.1985	273
11.06.1985	268
12.06.1985	261
13.06.1985	279
14.06.1985	260
15.06.1985	189
16.06.1985	177
17.06.1985	259
18.06.1985	234
19.06.1985	261
20.06.1985	279
21.06.1985	294
22.06.1985	211
23.06.1985	184
24.06.1985	191
25.06.1985	263
26.06.1985	284
27.06.1985	268
28.06.1985	297
29.06.1985	193
30.06.1985	180
01.07.1985	184
02.07.1985	263
03.07.1985	283
04.07.1985	273
05.07.1985	272
06.07.1985	216
07.07.1985	167
08.07.1985	228
09.07.1985	280
10.07.1985	248
11.07.1985	265
12.07.1985	266
13.07.1985	186
14.07.1985	174
15.07.1985	270
16.07.1985	279
17.07.1985	263
18.07.1985	268
19.07.1985	265
20.07.1985	188
21.07.1985	188
22.07.1985	269
23.07.1985	248
24.07.1985	271
25.07.1985	235
26.07.1985	280
27.07.1985	185
28.07.1985	173
29.07.1985	236
30.07.1985	285
31.07.1985	247
01.08.1985	241
02.08.1985	257
03.08.1985	189
04.08.1985	172
05.08.1985	265
06.08.1985	263
07.08.1985	261
08.08.1985	298
09.08.1985	252
10.08.1985	198
11.08.1985	170
12.08.1985	259
13.08.1985	254
14.08.1985	272
15.08.1985	261
16.08.1985	255
17.08.1985	194
18.08.1985	193
19.08.1985	274
20.08.1985	232
21.08.1985	252
22.08.1985	247
23.08.1985	270
24.08.1985	191
25.08.1985	171
26.08.1985	246
27.08.1985	271
28.08.1985	243
29.08.1985	265
30.08.1985	257
31.08.1985	210
01.09.1985	190
02.09.1985	175
03.09.1985	252
04.09.1985	257
05.09.1985	256
06.09.1985	254
07.09.1985	217
08.09.1985	173
09.09.1985	279
10.09.1985	265
11.09.1985	292
12.09.1985	319
13.09.1985	265
14.09.1985	209
15.09.1985	202
16.09.1985	240
17.09.1985	296
18.09.1985	282
19.09.1985	252
20.09.1985	286
21.09.1985	208
22.09.1985	199
23.09.1985	259
24.09.1985	290
25.09.1985	278
26.09.1985	267
27.09.1985	316
28.09.1985	218
29.09.1985	165
30.09.1985	269
01.10.1985	246
02.10.1985	245
03.10.1985	249
04.10.1985	282
05.10.1985	182
06.10.1985	204
07.10.1985	238
08.10.1985	233
09.10.1985	245
10.10.1985	290
11.10.1985	270
12.10.1985	173
13.10.1985	151
14.10.1985	208
15.10.1985	267
16.10.1985	267
17.10.1985	246
18.10.1985	229
19.10.1985	177
20.10.1985	191
21.10.1985	223
22.10.1985	265
23.10.1985	265
24.10.1985	245
25.10.1985	260
26.10.1985	177
27.10.1985	180
28.10.1985	223
29.10.1985	246
30.10.1985	251
31.10.1985	243
01.11.1985	210
02.11.1985	187
03.11.1985	160
04.11.1985	239
05.11.1985	237
06.11.1985	240
07.11.1985	252
08.11.1985	269
09.11.1985	151
10.11.1985	163
11.11.1985	232
12.11.1985	278
13.11.1985	241
14.11.1985	263
15.11.1985	262
16.11.1985	162
17.11.1985	180
18.11.1985	236
19.11.1985	247
20.11.1985	261
21.11.1985	233
22.11.1985	256
23.11.1985	178
24.11.1985	169
25.11.1985	224
26.11.1985	248
27.11.1985	236
28.11.1985	235
29.11.1985	247
30.11.1985	186
01.12.1985	162
02.12.1985	260
03.12.1985	251
04.12.1985	235
05.12.1985	244
06.12.1985	251
07.12.1985	170
08.12.1985	153
09.12.1985	217
10.12.1985	258
11.12.1985	228
12.12.1985	234
13.12.1985	238
14.12.1985	163
15.12.1985	161
16.12.1985	276
17.12.1985	295
18.12.1985	254
19.12.1985	275
20.12.1985	253
21.12.1985	175
22.12.1985	148
23.12.1985	214
24.12.1985	213
25.12.1985	154
26.12.1985	188
27.12.1985	281
28.12.1985	223
29.12.1985	173
30.12.1985	239
31.12.1985	243
01.01.1986	161
02.01.1986	169
03.01.1986	210
04.01.1986	178
05.01.1986	165
06.01.1986	215
07.01.1986	247
08.01.1986	250
09.01.1986	234
10.01.1986	245
11.01.1986	162
12.01.1986	143
13.01.1986	234
14.01.1986	223
15.01.1986	217
16.01.1986	250
17.01.1986	231
18.01.1986	193
19.01.1986	183
20.01.1986	227
21.01.1986	227
22.01.1986	241
23.01.1986	244
24.01.1986	218
25.01.1986	159
26.01.1986	190
27.01.1986	249
28.01.1986	243
29.01.1986	250
30.01.1986	244
31.01.1986	245
01.02.1986	197
02.02.1986	170
03.02.1986	251
04.02.1986	256
05.02.1986	253
06.02.1986	239
07.02.1986	237
08.02.1986	184
09.02.1986	154
10.02.1986	234
11.02.1986	254
12.02.1986	279
13.02.1986	285
14.02.1986	279
15.02.1986	193
16.02.1986	166
17.02.1986	246
18.02.1986	255
19.02.1986	240
20.02.1986	232
21.02.1986	257
22.02.1986	173
23.02.1986	171
24.02.1986	244
25.02.1986	236
26.02.1986	227
27.02.1986	239
28.02.1986	254
01.03.1986	180
02.03.1986	185
03.03.1986	221
04.03.1986	248
05.03.1986	264
06.03.1986	259
07.03.1986	306
08.03.1986	180
09.03.1986	196
10.03.1986	236
11.03.1986	270
12.03.1986	253
13.03.1986	259
14.03.1986	253
15.03.1986	203
16.03.1986	183
17.03.1986	259
18.03.1986	258
19.03.1986	281
20.03.1986	230
21.03.1986	254
22.03.1986	206
23.03.1986	193
24.03.1986	259
25.03.1986	259
26.03.1986	316
27.03.1986	303
28.03.1986	227
29.03.1986	167
30.03.1986	189
31.03.1986	219
01.04.1986	275
02.04.1986	293
03.04.1986	262
04.04.1986	270
05.04.1986	197
06.04.1986	174
07.04.1986	275
08.04.1986	275
09.04.1986	274
10.04.1986	291
11.04.1986	277
12.04.1986	207
13.04.1986	190
14.04.1986	262
15.04.1986	284
16.04.1986	285
17.04.1986	292
18.04.1986	245
19.04.1986	208
20.04.1986	185
21.04.1986	263
22.04.1986	288
23.04.1986	259
24.04.1986	298
25.04.1986	289
26.04.1986	201
27.04.1986	177
28.04.1986	290
29.04.1986	301
30.04.1986	264
01.05.1986	283
02.05.1986	261
03.05.1986	176
04.05.1986	167
05.05.1986	275
06.05.1986	296
07.05.1986	270
08.05.1986	257
09.05.1986	269
10.05.1986	201
11.05.1986	173
12.05.1986	236
13.05.1986	272
14.05.1986	281
15.05.1986	309
16.05.1986	291
17.05.1986	208
18.05.1986	202
19.05.1986	228
20.05.1986	260
21.05.1986	302
22.05.1986	263
23.05.1986	299
24.05.1986	169
25.05.1986	178
26.05.1986	270
27.05.1986	286
28.05.1986	259
29.05.1986	276
30.05.1986	278
31.05.1986	190
01.06.1986	195
02.06.1986	253
03.06.1986	226
04.06.1986	265
05.06.1986	265
06.06.1986	259
07.06.1986	187
08.06.1986	192
09.06.1986	257
10.06.1986	270
11.06.1986	257
12.06.1986	247
13.06.1986	296
14.06.1986	175
15.06.1986	187
16.06.1986	270
17.06.1986	247
18.06.1986	233
19.06.1986	253
20.06.1986	218
21.06.1986	167
22.06.1986	180
23.06.1986	261
24.06.1986	198
25.06.1986	240
26.06.1986	256
27.06.1986	276
28.06.1986	182
29.06.1986	200
30.06.1986	218
01.07.1986	247
02.07.1986	271
03.07.1986	265
04.07.1986	305
05.07.1986	187
06.07.1986	172
07.07.1986	262
08.07.1986	254
09.07.1986	260
10.07.1986	252
11.07.1986	247
12.07.1986	213
13.07.1986	170
14.07.1986	243
15.07.1986	235
16.07.1986	265
17.07.1986	278
18.07.1986	257
19.07.1986	199
20.07.1986	191
21.07.1986	235
22.07.1986	265
23.07.1986	243
24.07.1986	225
25.07.1986	267
26.07.1986	184
27.07.1986	170
28.07.1986	244
29.07.1986	257
30.07.1986	251
31.07.1986	264
01.08.1986	251
02.08.1986	177
03.08.1986	161
04.08.1986	213
05.08.1986	256
06.08.1986	254
07.08.1986	246
08.08.1986	257
09.08.1986	196
10.08.1986	183
11.08.1986	264
12.08.1986	271
13.08.1986	240
14.08.1986	246
15.08.1986	254
16.08.1986	197
17.08.1986	192
18.08.1986	245
19.08.1986	258
20.08.1986	238
21.08.1986	255
22.08.1986	251
23.08.1986	141
24.08.1986	196
25.08.1986	242
26.08.1986	241
27.08.1986	267
28.08.1986	263
29.08.1986	252
30.08.1986	203
31.08.1986	188
01.09.1986	190
02.09.1986	275
03.09.1986	256
04.09.1986	296
05.09.1986	288
06.09.1986	185
07.09.1986	185
08.09.1986	239
09.09.1986	239
10.09.1986	246
11.09.1986	272
12.09.1986	281
13.09.1986	191
14.09.1986	194
15.09.1986	265
16.09.1986	280
17.09.1986	264
18.09.1986	272
19.09.1986	293
20.09.1986	193
21.09.1986	187
22.09.1986	265
23.09.1986	302
24.09.1986	303
25.09.1986	277
26.09.1986	281
27.09.1986	193
28.09.1986	155
29.09.1986	280
30.09.1986	282
01.10.1986	257
02.10.1986	286
03.10.1986	234
04.10.1986	188
05.10.1986	182
06.10.1986	220
07.10.1986	256
08.10.1986	234
09.10.1986	253
10.10.1986	306
11.10.1986	175
12.10.1986	180
13.10.1986	171
14.10.1986	284
15.10.1986	256
16.10.1986	244
17.10.1986	247
18.10.1986	150
19.10.1986	156
20.10.1986	231
21.10.1986	225
22.10.1986	222
23.10.1986	224
24.10.1986	235
25.10.1986	172
26.10.1986	179
27.10.1986	224
28.10.1986	216
29.10.1986	266
30.10.1986	247
31.10.1986	217
01.11.1986	155
02.11.1986	159
03.11.1986	242
04.11.1986	221
05.11.1986	252
06.11.1986	236
07.11.1986	265
08.11.1986	154
09.11.1986	188
10.11.1986	205
11.11.1986	224
12.11.1986	228
13.11.1986	235
14.11.1986	252
15.11.1986	166
16.11.1986	181
17.11.1986	255
18.11.1986	262
19.11.1986	221
20.11.1986	243
21.11.1986	262
22.11.1986	191
23.11.1986	203
24.11.1986	214
25.11.1986	224
26.11.1986	214
27.11.1986	244
28.11.1986	228
29.11.1986	164
30.11.1986	161
01.12.1986	226
02.12.1986	204
03.12.1986	228
04.12.1986	243
05.12.1986	256
06.12.1986	162
07.12.1986	151
08.12.1986	235
09.12.1986	241
10.12.1986	205
11.12.1986	257
12.12.1986	242
13.12.1986	182
14.12.1986	153
15.12.1986	255
16.12.1986	285
17.12.1986	226
18.12.1986	272
19.12.1986	261
20.12.1986	151
21.12.1986	178
22.12.1986	216
23.12.1986	254
24.12.1986	210
25.12.1986	159
26.12.1986	197
27.12.1986	183
28.12.1986	167
29.12.1986	246
30.12.1986	266
31.12.1986	198
01.01.1987	165
02.01.1987	201
03.01.1987	154
04.01.1987	175
05.01.1987	254
06.01.1987	243
07.01.1987	199
08.01.1987	219
09.01.1987	236
10.01.1987	169
11.01.1987	179
12.01.1987	232
13.01.1987	242
14.01.1987	267
15.01.1987	272
16.01.1987	227
17.01.1987	161
18.01.1987	164
19.01.1987	241
20.01.1987	235
21.01.1987	234
22.01.1987	205
23.01.1987	205
24.01.1987	161
25.01.1987	157
26.01.1987	220
27.01.1987	246
28.01.1987	208
29.01.1987	236
30.01.1987	250
31.01.1987	200
01.02.1987	196
02.02.1987	212
03.02.1987	248
04.02.1987	240
05.02.1987	279
06.02.1987	266
07.02.1987	149
08.02.1987	167
09.02.1987	222
10.02.1987	230
11.02.1987	226
12.02.1987	228
13.02.1987	238
14.02.1987	164
15.02.1987	181
16.02.1987	209
17.02.1987	244
18.02.1987	229
19.02.1987	248
20.02.1987	263
21.02.1987	185
22.02.1987	195
23.02.1987	228
24.02.1987	250
25.02.1987	253
26.02.1987	249
27.02.1987	263
28.02.1987	193
01.03.1987	182
02.03.1987	256
03.03.1987	264
04.03.1987	257
05.03.1987	251
06.03.1987	277
07.03.1987	191
08.03.1987	180
09.03.1987	264
10.03.1987	251
11.03.1987	259
12.03.1987	264
13.03.1987	265
14.03.1987	172
15.03.1987	196
16.03.1987	290
17.03.1987	268
18.03.1987	253
19.03.1987	265
20.03.1987	285
21.03.1987	206
22.03.1987	160
23.03.1987	259
24.03.1987	301
25.03.1987	291
26.03.1987	254
27.03.1987	283
28.03.1987	197
29.03.1987	205
30.03.1987	249
31.03.1987	273
01.04.1987	243
02.04.1987	276
03.04.1987	284
04.04.1987	186
05.04.1987	215
06.04.1987	266
07.04.1987	273
08.04.1987	252
09.04.1987	329
10.04.1987	286
11.04.1987	186
12.04.1987	203
13.04.1987	248
14.04.1987	271
15.04.1987	275
16.04.1987	312
17.04.1987	255
18.04.1987	197
19.04.1987	199
20.04.1987	210
21.04.1987	262
22.04.1987	268
23.04.1987	291
24.04.1987	300
25.04.1987	191
26.04.1987	187
27.04.1987	235
28.04.1987	269
29.04.1987	263
30.04.1987	298
01.05.1987	273
02.05.1987	173
03.05.1987	184
04.05.1987	263
05.05.1987	286
06.05.1987	258
07.05.1987	247
08.05.1987	282
09.05.1987	169
10.05.1987	204
11.05.1987	256
12.05.1987	255
13.05.1987	252
14.05.1987	280
15.05.1987	284
16.05.1987	174
17.05.1987	193
18.05.1987	203
19.05.1987	284
20.05.1987	268
21.05.1987	280
22.05.1987	285
23.05.1987	180
24.05.1987	185
25.05.1987	274
26.05.1987	286
27.05.1987	262
28.05.1987	250
29.05.1987	250
30.05.1987	187
31.05.1987	203
01.06.1987	229
02.06.1987	287
03.06.1987	261
04.06.1987	243
05.06.1987	280
06.06.1987	170
07.06.1987	204
08.06.1987	249
09.06.1987	252
10.06.1987	267
11.06.1987	241
12.06.1987	260
13.06.1987	185
14.06.1987	172
15.06.1987	259
16.06.1987	270
17.06.1987	272
18.06.1987	284
19.06.1987	266
20.06.1987	173
21.06.1987	178
22.06.1987	283
23.06.1987	268
24.06.1987	229
25.06.1987	302
26.06.1987	257
27.06.1987	184
28.06.1987	173
29.06.1987	232
30.06.1987	270
01.07.1987	260
02.07.1987	254
03.07.1987	245
04.07.1987	189
05.07.1987	170
06.07.1987	265
07.07.1987	282
08.07.1987	283
09.07.1987	239
10.07.1987	286
11.07.1987	191
12.07.1987	193
13.07.1987	270
14.07.1987	270
15.07.1987	257
16.07.1987	268
17.07.1987	274
18.07.1987	156
19.07.1987	149
20.07.1987	219
21.07.1987	254
22.07.1987	272
23.07.1987	267
24.07.1987	239
25.07.1987	169
26.07.1987	204
27.07.1987	219
28.07.1987	249
29.07.1987	209
30.07.1987	234
31.07.1987	249
01.08.1987	172
02.08.1987	173
03.08.1987	221
04.08.1987	274
05.08.1987	249
06.08.1987	225
07.08.1987	251
08.08.1987	185
09.08.1987	185
10.08.1987	254
11.08.1987	248
12.08.1987	265
13.08.1987	284
14.08.1987	275
15.08.1987	173
16.08.1987	175
17.08.1987	254
18.08.1987	255
19.08.1987	251
20.08.1987	257
21.08.1987	264
22.08.1987	166
23.08.1987	168
24.08.1987	242
25.08.1987	262
26.08.1987	244
27.08.1987	230
28.08.1987	264
29.08.1987	193
30.08.1987	145
31.08.1987	249
01.09.1987	261
02.09.1987	218
03.09.1987	255
04.09.1987	240
05.09.1987	178
06.09.1987	177
07.09.1987	189
08.09.1987	254
09.09.1987	285
10.09.1987	272
11.09.1987	267
12.09.1987	189
13.09.1987	170
14.09.1987	263
15.09.1987	264
16.09.1987	266
17.09.1987	248
18.09.1987	252
19.09.1987	170
20.09.1987	174
21.09.1987	227
22.09.1987	261
23.09.1987	295
24.09.1987	260
25.09.1987	242
26.09.1987	187
27.09.1987	195
28.09.1987	268
29.09.1987	270
30.09.1987	288
01.10.1987	232
02.10.1987	225
03.10.1987	172
04.10.1987	179
05.10.1987	219
06.10.1987	233
07.10.1987	208
08.10.1987	247
09.10.1987	258
10.10.1987	180
11.10.1987	160
12.10.1987	157
13.10.1987	235
14.10.1987	253
15.10.1987	269
16.10.1987	222
17.10.1987	170
18.10.1987	162
19.10.1987	251
20.10.1987	213
21.10.1987	228
22.10.1987	251
23.10.1987	248
24.10.1987	166
25.10.1987	177
26.10.1987	210
27.10.1987	218
28.10.1987	227
29.10.1987	229
30.10.1987	253
31.10.1987	173
01.11.1987	150
02.11.1987	206
03.11.1987	255
04.11.1987	242
05.11.1987	228
06.11.1987	284
07.11.1987	156
08.11.1987	164
09.11.1987	235
10.11.1987	225
11.11.1987	248
12.11.1987	241
13.11.1987	227
14.11.1987	169
15.11.1987	164
16.11.1987	232
17.11.1987	234
18.11.1987	226
19.11.1987	250
20.11.1987	232
21.11.1987	182
22.11.1987	165
23.11.1987	230
24.11.1987	230
25.11.1987	209
26.11.1987	255
27.11.1987	239
28.11.1987	170
29.11.1987	165
30.11.1987	244
01.12.1987	255
02.12.1987	263
03.12.1987	232
04.12.1987	262
05.12.1987	181
06.12.1987	166
07.12.1987	212
08.12.1987	239
09.12.1987	233
10.12.1987	262
11.12.1987	278
12.12.1987	198
13.12.1987	147
14.12.1987	249
15.12.1987	232
16.12.1987	272
17.12.1987	245
18.12.1987	244
19.12.1987	157
20.12.1987	184
21.12.1987	234
22.12.1987	227
23.12.1987	225
24.12.1987	149
25.12.1987	155
26.12.1987	168
27.12.1987	172
28.12.1987	230
29.12.1987	234
30.12.1987	247
31.12.1987	194
01.01.1988	166
02.01.1988	136
03.01.1988	168
04.01.1988	243
05.01.1988	235
06.01.1988	261
07.01.1988	238
08.01.1988	245
09.01.1988	158
10.01.1988	157
11.01.1988	210
12.01.1988	261
13.01.1988	268
14.01.1988	248
15.01.1988	237
16.01.1988	190
17.01.1988	169
18.01.1988	256
19.01.1988	232
20.01.1988	246
21.01.1988	239
22.01.1988	258
23.01.1988	138
24.01.1988	159
25.01.1988	228
26.01.1988	218
27.01.1988	210
28.01.1988	213
29.01.1988	246
30.01.1988	141
31.01.1988	187
01.02.1988	231
02.02.1988	237
03.02.1988	258
04.02.1988	252
05.02.1988	231
06.02.1988	181
07.02.1988	178
08.02.1988	264
09.02.1988	251
10.02.1988	240
11.02.1988	245
12.02.1988	232
13.02.1988	175
14.02.1988	172
15.02.1988	223
16.02.1988	232
17.02.1988	256
18.02.1988	241
19.02.1988	249
20.02.1988	206
21.02.1988	178
22.02.1988	253
23.02.1988	260
24.02.1988	246
25.02.1988	252
26.02.1988	259
27.02.1988	149
28.02.1988	183
29.02.1988	259
01.03.1988	228
02.03.1988	230
03.03.1988	290
04.03.1988	273
05.03.1988	187
06.03.1988	196
07.03.1988	221
08.03.1988	257
09.03.1988	276
10.03.1988	239
11.03.1988	264
12.03.1988	181
13.03.1988	165
14.03.1988	240
15.03.1988	281
16.03.1988	243
17.03.1988	299
18.03.1988	266
19.03.1988	195
20.03.1988	212
21.03.1988	229
22.03.1988	279
23.03.1988	266
24.03.1988	272
25.03.1988	291
26.03.1988	190
27.03.1988	192
28.03.1988	270
29.03.1988	252
30.03.1988	257
31.03.1988	301
01.04.1988	230
02.04.1988	200
03.04.1988	181
04.04.1988	215
05.04.1988	279
06.04.1988	264
07.04.1988	281
08.04.1988	262
09.04.1988	189
10.04.1988	217
11.04.1988	258
12.04.1988	265
13.04.1988	258
14.04.1988	268
15.04.1988	290
16.04.1988	220
17.04.1988	167
18.04.1988	281
19.04.1988	263
20.04.1988	285
21.04.1988	268
22.04.1988	256
23.04.1988	188
24.04.1988	195
25.04.1988	291
26.04.1988	276
27.04.1988	266
28.04.1988	276
29.04.1988	266
30.04.1988	176
01.05.1988	185
02.05.1988	260
03.05.1988	277
04.05.1988	268
05.05.1988	280
06.05.1988	293
07.05.1988	191
08.05.1988	187
09.05.1988	267
10.05.1988	284
11.05.1988	267
12.05.1988	275
13.05.1988	263
14.05.1988	210
15.05.1988	191
16.05.1988	281
17.05.1988	285
18.05.1988	233
19.05.1988	218
20.05.1988	294
21.05.1988	177
22.05.1988	192
23.05.1988	235
24.05.1988	249
25.05.1988	314
26.05.1988	289
27.05.1988	305
28.05.1988	206
29.05.1988	196
30.05.1988	257
31.05.1988	261
01.06.1988	249
02.06.1988	283
03.06.1988	246
04.06.1988	205
05.06.1988	208
06.06.1988	258
07.06.1988	263
08.06.1988	261
09.06.1988	274
10.06.1988	291
11.06.1988	184
12.06.1988	188
13.06.1988	267
14.06.1988	282
15.06.1988	276
16.06.1988	285
17.06.1988	299
18.06.1988	178
19.06.1988	194
20.06.1988	295
21.06.1988	270
22.06.1988	295
23.06.1988	263
24.06.1988	230
25.06.1988	189
26.06.1988	197
27.06.1988	258
28.06.1988	282
29.06.1988	239
30.06.1988	291
01.07.1988	221
02.07.1988	172
03.07.1988	207
04.07.1988	277
05.07.1988	243
06.07.1988	299
07.07.1988	308
08.07.1988	278
09.07.1988	218
10.07.1988	206
11.07.1988	287
12.07.1988	294
13.07.1988	236
14.07.1988	294
15.07.1988	281
16.07.1988	156
17.07.1988	171
18.07.1988	259
19.07.1988	275
20.07.1988	237
21.07.1988	261
22.07.1988	291
23.07.1988	193
24.07.1988	158
25.07.1988	258
26.07.1988	241
27.07.1988	239
28.07.1988	269
29.07.1988	278
30.07.1988	183
31.07.1988	185
01.08.1988	226
02.08.1988	260
03.08.1988	256
04.08.1988	255
05.08.1988	261
06.08.1988	190
07.08.1988	197
08.08.1988	274
09.08.1988	236
10.08.1988	251
11.08.1988	265
12.08.1988	271
13.08.1988	190
14.08.1988	190
15.08.1988	246
16.08.1988	267
17.08.1988	269
18.08.1988	288
19.08.1988	260
20.08.1988	198
21.08.1988	198
22.08.1988	221
23.08.1988	288
24.08.1988	275
25.08.1988	234
26.08.1988	271
27.08.1988	202
28.08.1988	192
29.08.1988	246
30.08.1988	239
31.08.1988	224
01.09.1988	242
02.09.1988	267
03.09.1988	228
04.09.1988	184
05.09.1988	196
06.09.1988	244
07.09.1988	247
08.09.1988	280
09.09.1988	276
10.09.1988	194
11.09.1988	192
12.09.1988	233
13.09.1988	281
14.09.1988	275
15.09.1988	268
16.09.1988	282
17.09.1988	208
18.09.1988	210
19.09.1988	292
20.09.1988	283
21.09.1988	278
22.09.1988	263
23.09.1988	261
24.09.1988	199
25.09.1988	203
26.09.1988	275
27.09.1988	255
28.09.1988	263
29.09.1988	280
30.09.1988	289
01.10.1988	193
02.10.1988	206
03.10.1988	235
04.10.1988	256
05.10.1988	264
06.10.1988	265
07.10.1988	289
08.10.1988	214
09.10.1988	183
10.10.1988	228
11.10.1988	247
12.10.1988	300
13.10.1988	273
14.10.1988	249
15.10.1988	209
16.10.1988	171
17.10.1988	269
18.10.1988	251
19.10.1988	236
20.10.1988	264
21.10.1988	238
22.10.1988	205
23.10.1988	206
24.10.1988	236
25.10.1988	241
26.10.1988	231
27.10.1988	257
28.10.1988	249
29.10.1988	170
30.10.1988	188
31.10.1988	229
01.11.1988	238
02.11.1988	253
03.11.1988	261
04.11.1988	240
05.11.1988	193
06.11.1988	208
07.11.1988	267
08.11.1988	245
09.11.1988	246
10.11.1988	258
11.11.1988	275
12.11.1988	198
13.11.1988	184
14.11.1988	241
15.11.1988	258
16.11.1988	242
17.11.1988	247
18.11.1988	251
19.11.1988	170
20.11.1988	178
21.11.1988	214
22.11.1988	228
23.11.1988	230
24.11.1988	236
25.11.1988	235
26.11.1988	173
27.11.1988	164
28.11.1988	255
29.11.1988	234
30.11.1988	232
01.12.1988	259
02.12.1988	264
03.12.1988	177
04.12.1988	171
05.12.1988	232
06.12.1988	249
07.12.1988	253
08.12.1988	245
09.12.1988	220
10.12.1988	165
11.12.1988	204
12.12.1988	232
13.12.1988	247
14.12.1988	263
15.12.1988	273
16.12.1988	277
17.12.1988	189
18.12.1988	139
19.12.1988	250
20.12.1988	284
21.12.1988	255
22.12.1988	256
23.12.1988	184
24.12.1988	173
25.12.1988	148
26.12.1988	166
27.12.1988	228
28.12.1988	272
29.12.1988	255
30.12.1988	227
31.12.1988	169
01.01.1989	180
02.01.1989	210
03.01.1989	233
04.01.1989	246
05.01.1989	269
06.01.1989	258
07.01.1989	189
08.01.1989	188
09.01.1989	242
10.01.1989	245
11.01.1989	280
12.01.1989	264
13.01.1989	261
14.01.1989	182
15.01.1989	180
16.01.1989	227
17.01.1989	244
18.01.1989	251
19.01.1989	285
20.01.1989	245
21.01.1989	200
22.01.1989	191
23.01.1989	266
24.01.1989	236
25.01.1989	230
26.01.1989	269
27.01.1989	260
28.01.1989	173
29.01.1989	150
30.01.1989	276
31.01.1989	247
01.02.1989	231
02.02.1989	234
03.02.1989	234
04.02.1989	180
05.02.1989	188
06.02.1989	260
07.02.1989	242
08.02.1989	250
09.02.1989	283
10.02.1989	283
11.02.1989	174
12.02.1989	178
13.02.1989	237
14.02.1989	305
15.02.1989	256
16.02.1989	270
17.02.1989	253
18.02.1989	188
19.02.1989	183
20.02.1989	263
21.02.1989	261
22.02.1989	278
23.02.1989	286
24.02.1989	253
25.02.1989	193
26.02.1989	205
27.02.1989	243
28.02.1989	236
01.03.1989	276
02.03.1989	261
03.03.1989	285
04.03.1989	214
05.03.1989	194
06.03.1989	269
07.03.1989	268
08.03.1989	257
09.03.1989	289
10.03.1989	287
11.03.1989	212
12.03.1989	186
13.03.1989	260
14.03.1989	289
15.03.1989	298
16.03.1989	300
17.03.1989	276
18.03.1989	186
19.03.1989	209
20.03.1989	291
21.03.1989	272
22.03.1989	284
23.03.1989	286
24.03.1989	238
25.03.1989	219
26.03.1989	193
27.03.1989	228
28.03.1989	280
29.03.1989	293
30.03.1989	323
31.03.1989	297
01.04.1989	215
02.04.1989	216
03.04.1989	290
04.04.1989	297
05.04.1989	281
06.04.1989	299
07.04.1989	298
08.04.1989	201
09.04.1989	221
10.04.1989	288
11.04.1989	288
12.04.1989	291
13.04.1989	274
14.04.1989	299
15.04.1989	216
16.04.1989	231
17.04.1989	295
18.04.1989	290
19.04.1989	275
20.04.1989	294
21.04.1989	316
22.04.1989	237
23.04.1989	221
24.04.1989	268
25.04.1989	320
26.04.1989	280
27.04.1989	278
28.04.1989	308
29.04.1989	198
30.04.1989	175
01.05.1989	271
02.05.1989	301
03.05.1989	285
04.05.1989	296
05.05.1989	266
06.05.1989	199
07.05.1989	231
08.05.1989	279
09.05.1989	288
10.05.1989	275
11.05.1989	283
12.05.1989	247
13.05.1989	216
14.05.1989	215
15.05.1989	242
16.05.1989	300
17.05.1989	270
18.05.1989	295
19.05.1989	277
20.05.1989	216
21.05.1989	209
22.05.1989	212
23.05.1989	281
24.05.1989	283
25.05.1989	297
26.05.1989	272
27.05.1989	202
28.05.1989	170
29.05.1989	288
30.05.1989	292
31.05.1989	279
01.06.1989	297
02.06.1989	264
03.06.1989	200
04.06.1989	232
05.06.1989	271
06.06.1989	298
07.06.1989	295
08.06.1989	290
09.06.1989	308
10.06.1989	229
11.06.1989	196
12.06.1989	265
13.06.1989	298
14.06.1989	274
15.06.1989	310
16.06.1989	313
17.06.1989	198
18.06.1989	217
19.06.1989	304
20.06.1989	316
21.06.1989	323
22.06.1989	327
23.06.1989	229
24.06.1989	208
25.06.1989	208
26.06.1989	281
27.06.1989	293
28.06.1989	323
29.06.1989	323
30.06.1989	282
01.07.1989	212
02.07.1989	212
03.07.1989	244
04.07.1989	279
05.07.1989	309
06.07.1989	327
07.07.1989	308
08.07.1989	234
09.07.1989	208
10.07.1989	295
11.07.1989	285
12.07.1989	282
13.07.1989	300
14.07.1989	298
15.07.1989	206
16.07.1989	225
17.07.1989	269
18.07.1989	308
19.07.1989	290
20.07.1989	275
21.07.1989	243
22.07.1989	236
23.07.1989	187
24.07.1989	274
25.07.1989	275
26.07.1989	279
27.07.1989	301
28.07.1989	285
29.07.1989	198
30.07.1989	197
31.07.1989	255
01.08.1989	268
02.08.1989	300
03.08.1989	302
04.08.1989	286
05.08.1989	217
06.08.1989	199
07.08.1989	254
08.08.1989	288
09.08.1989	294
10.08.1989	307
11.08.1989	297
12.08.1989	204
13.08.1989	195
14.08.1989	250
15.08.1989	293
16.08.1989	273
17.08.1989	297
18.08.1989	293
19.08.1989	196
20.08.1989	214
21.08.1989	273
22.08.1989	286
23.08.1989	266
24.08.1989	248
25.08.1989	273
26.08.1989	175
27.08.1989	208
28.08.1989	265
29.08.1989	299
30.08.1989	281
31.08.1989	289
01.09.1989	271
02.09.1989	206
03.09.1989	182
04.09.1989	201
05.09.1989	223
06.09.1989	276
07.09.1989	301
08.09.1989	283
09.09.1989	228
10.09.1989	227
11.09.1989	285
12.09.1989	306
13.09.1989	262
14.09.1989	284
15.09.1989	275
16.09.1989	246
17.09.1989	204
18.09.1989	310
19.09.1989	314
20.09.1989	306
21.09.1989	289
22.09.1989	306
23.09.1989	213
24.09.1989	230
25.09.1989	279
26.09.1989	295
27.09.1989	302
28.09.1989	306
29.09.1989	280
30.09.1989	218
01.10.1989	202
02.10.1989	253
03.10.1989	278
04.10.1989	245
05.10.1989	278
06.10.1989	293
07.10.1989	216
08.10.1989	204
09.10.1989	224
10.10.1989	266
11.10.1989	296
12.10.1989	301
13.10.1989	272
14.10.1989	221
15.10.1989	208
16.10.1989	250
17.10.1989	280
18.10.1989	253
19.10.1989	258
20.10.1989	260
21.10.1989	180
22.10.1989	171
23.10.1989	221
24.10.1989	226
25.10.1989	272
26.10.1989	293
27.10.1989	243
28.10.1989	185
29.10.1989	195
30.10.1989	215
31.10.1989	220
01.11.1989	280
02.11.1989	255
03.11.1989	259
04.11.1989	193
05.11.1989	205
06.11.1989	242
07.11.1989	280
08.11.1989	262
09.11.1989	272
10.11.1989	265
11.11.1989	201
12.11.1989	184
13.11.1989	232
14.11.1989	241
15.11.1989	274
16.11.1989	252
17.11.1989	275
18.11.1989	182
19.11.1989	199
20.11.1989	259
21.11.1989	287
22.11.1989	266
23.11.1989	281
24.11.1989	265
25.11.1989	209
26.11.1989	187
27.11.1989	250
28.11.1989	269
29.11.1989	292
30.11.1989	246
01.12.1989	259
02.12.1989	187
03.12.1989	196
04.12.1989	267
05.12.1989	258
06.12.1989	249
07.12.1989	277
08.12.1989	265
09.12.1989	200
10.12.1989	180
11.12.1989	220
12.12.1989	267
13.12.1989	255
14.12.1989	292
15.12.1989	278
16.12.1989	178
17.12.1989	184
18.12.1989	270
19.12.1989	308
20.12.1989	276
21.12.1989	288
22.12.1989	258
23.12.1989	167
24.12.1989	178
25.12.1989	180
26.12.1989	174
27.12.1989	269
28.12.1989	332
29.12.1989	309
30.12.1989	213
31.12.1989	189
